"Number";"Ettevõtja nimi";"Registrikood";"Kehtivuse algus";"Kehtiv";"Tegevusala";"Tegevuskoha aadress"
"KTO025441";"Vale Aadress Usaldusühing";"17264306";"29.12.2025";"Jah";"Toitlustamine";"Rüütli tn 40, Pärnu linn, Pärnu linn, Pärnu maakond, 80010"
"KTO025440";"someoneelse OÜ";"16765710";"23.12.2025";"Jah";"Toitlustamine";"Luha tn 9-4, Kesklinna linnaosa, Tallinn, Harju maakond, 10129"
"KTO025439";"RAYAN OÜ";"16639744";"22.12.2025";"Jah";"Toitlustamine";"Ringi tn 11-1, Pärnu linn, Pärnu linn, Pärnu maakond"
"KTO025438";"PeakSound OÜ";"17113665";"11.12.2025";"Jah";"Toitlustamine";"Tartu tn 44a, Võru linn, Võru maakond, 65609"
"KTO025436";"Palu Group OÜ";"16610083";"10.12.2025";"Jah";"Toitlustamine";"Järve mõisaallee 1, Järve küla, Jõhvi vald, Ida-Viru maakond, 30331"
"KTO025437";"Tahe teenus OÜ";"17379788";"10.12.2025";"Jah";"Toitlustamine";"Nurme tn 15, Tamsalu linn, Tapa vald, Lääne-Viru maakond, 46106"
"KTO025435";"Shah Ray OÜ";"17357752";"09.12.2025";"Jah";"Toitlustamine";"Randvere tee 115, Pirita linnaosa, Tallinn, Harju maakond, 11913"
"KTO025434";"Ekspeditsioon OÜ";"14878002";"09.12.2025";"Jah";"Toitlustamine";"Kopli tn 70a, Põhja-Tallinna linnaosa, Tallinn, Harju maakond, 10412"
"KTO025433";"Kohvimeistrid OÜ";"17211391";"05.12.2025";"Jah";"Toitlustamine";"A. Starkopfi tn 1, Tartu linn, Tartu linn, Tartu maakond, 51011"
"KTO025430";"OÜ Särav Üks";"16742844";"03.12.2025";"Jah";"Toitlustamine";"Kungla tn 18-17, Põhja-Tallinna linnaosa, Tallinn, Harju maakond, 10411"
"KTO025428";"Jõulukohvik OÜ";"17374957";"02.12.2025";"Jah";"Toitlustamine";""
"KTO025429";"M33 Management OÜ";"17239509";"02.12.2025";"Jah";"Toitlustamine";"Merivälja tee 33, Pirita linnaosa, Tallinn, Harju maakond, 11911"
"KTO025426";"Sevfreya OÜ";"17379558";"01.12.2025";"Jah";"Toitlustamine";"Pärnamäe tee 4, Laiaküla, Viimsi vald, Harju maakond, 74008"
"KTO025427";"PoliVento OÜ";"17282592";"01.12.2025";"Jah";"Toitlustamine";"Keemikute tn 2, Maardu linn, Harju maakond, 74116"
"KTO025423";"Väike Mahedik OÜ";"14232010";"28.11.2025";"Jah";"Toitlustamine";"Suitsu, Metsanurga küla, Peipsiääre vald, Tartu maakond, 49409"
"KTO025424";"JL Toitlustus OÜ";"17372792";"28.11.2025";"Jah";"Toitlustamine";"Võru tn 79, Tartu linn, Tartu linn, Tartu maakond, 50112"
"KTO025425";"Ääremaa Pagar OÜ";"17074155";"28.11.2025";"Jah";"Toitlustamine";"Kesk tn 20, Mehikoorma alevik, Räpina vald, Põlva maakond, 62511"
"KTO025418";"Pronta OÜ";"17224241";"27.11.2025";"Jah";"Toitlustamine";"Seminari tn 5, Võru linn, Võru maakond, 65608"
"KTO025419";"Kõrvemaa Keskus OÜ";"17339151";"27.11.2025";"Jah";"Toitlustamine";"Oja/1-1, Pillapalu küla, Anija vald, Harju maakond, 74502 "
"";"";"";"";"";"";"Oja/1-1, Pillapalu küla, Anija vald, Harju maakond, 74502 "
"KTO025420";"DunkerHouse OÜ";"17373047";"27.11.2025";"Jah";"Toitlustamine";"Dunkri tn 5, Kesklinna linnaosa, Tallinn, Harju maakond, 10123"
"KTO025421";"MTÜ Drink & Draw";"80574488";"27.11.2025";"Jah";"Toitlustamine";"Pärnu mnt 19, Kesklinna linnaosa, Tallinn, Harju maakond, 10141"
"KTO025417";"SHARYN OÜ";"17332953";"25.11.2025";"Jah";"Toitlustamine";"Pikk tn 37, Kesklinna linnaosa, Tallinn, Harju maakond, 10133"
"KTO025416";"Rummikoogid OÜ";"17218565";"18.11.2025";"Jah";"Toitlustamine";"Põllu tn 4, Võru linn, Võru maakond, 65606"
"KTO025401";"YH Majutus OÜ";"17158917";"15.11.2025";"Jah";"Toitlustamine";"Tartu tn 101, Mustvee linn, Mustvee vald, Jõgeva maakond, 49603"
"";"";"";"";"";"";"Tartu tn 101, Mustvee linn, Mustvee vald, Jõgeva maakond, 49603"
"KTO025415";"Familia&co OÜ";"17287342";"14.11.2025";"Jah";"Toitlustamine";"Madara tn 33/5, Kristiine linnaosa, Tallinn, Harju maakond, 80035"
"KTO025414";"OÜ Anni Kohvikud";"17308676";"13.11.2025";"Jah";"Toitlustamine";"Gonsiori tn 2, Kesklinna linnaosa, Tallinn, Harju maakond"
"KTO025413";"OÜ Triumvirate";"17366998";"12.11.2025";"Jah";"Toitlustamine";"Pühavaimu tn 12, Pärnu linn, Pärnu linn, Pärnu maakond, 80011"
"KTO025412";"Pruulikoda Kompressor OÜ";"16603373";"11.11.2025";"Jah";"Toitlustamine";"Veski tn 5, Kiili alev, Kiili vald, Harju maakond, 75401"
"KTO025410";"Türgi Maitsed OÜ";"17085319";"06.11.2025";"Jah";"Toitlustamine";"Karja tn 3, Haapsalu linn, Haapsalu linn, Lääne maakond, 90502"
"KTO025411";"SushiHai OÜ";"17328420";"06.11.2025";"Jah";"Toitlustamine";"Sõpruse pst 211a, Mustamäe linnaosa, Tallinn, Harju maakond, 13415"
"KTO025408";"Weis Resto OÜ";"16603389";"05.11.2025";"Jah";"Toitlustamine";"Kuldnoka tn 2, Kristiine linnaosa, Tallinn, Harju maakond"
"KTO025407";"Baltevo OÜ";"14873111";"31.10.2025";"Jah";"Toitlustamine";"K. Kärberi tn 41-41, Lasnamäe linnaosa, Tallinn, Harju maakond, 10141"
"";"";"";"";"";"";"Sauna tn 2, Kesklinna linnaosa, Tallinn, Harju maakond, 10141"
"KTO025406";"Himgiri OÜ";"17306499";"29.10.2025";"Jah";"Toitlustamine";"Lembitu tn 6, Kesklinna linnaosa, Tallinn, Harju maakond, 10114"
"KTO025405";"OÜ Isevärki";"12829152";"28.10.2025";"Jah";"Toitlustamine";""
"KTO025403";"Sokku Sahver OÜ";"17327449";"27.10.2025";"Jah";"Toitlustamine";"Võsu, Nurmetu küla, Vinni vald, Lääne-Viru maakond, 46628"
"KTO025402";"Audiobaar OÜ";"17348687";"26.10.2025";"Jah";"Toitlustamine";"Telliskivi tn 51a, Põhja-Tallinna linnaosa, Tallinn, Harju maakond, 10611"
"KTO025400";"ALS OÜ";"16452968";"22.10.2025";"Jah";"Toitlustamine";"Kadaka tee 70c, Mustamäe linnaosa, Tallinn, Harju maakond"
"KTO025399";"Paldiski PuB OÜ";"17339091";"17.10.2025";"Jah";"Toitlustamine";"Rae tn 32, Paldiski linn, Lääne-Harju vald, Harju maakond, 76806"
"KTO025398";"Fieston OÜ";"17068982";"15.10.2025";"Jah";"Toitlustamine";"Tähe tn 54-24, Tartu linn, Tartu linn, Tartu maakond, 50103"
"KTO025397";"Veinibaar OÜ";"17347647";"14.10.2025";"Jah";"Toitlustamine";"Toom-Kuninga tn 26/1-6, Kesklinna linnaosa, Tallinn, Harju maakond"
"KTO025396";"Hevilihas OÜ";"16949232";"09.10.2025";"Jah";"Toitlustamine";"Lai tn 10/3, Pärnu linn, Pärnu linn, Pärnu maakond, 80010"
"KTO025393";"AS4FOOD OÜ";"17329425";"08.10.2025";"Jah";"Toitlustamine";"Tare tn 14-4, Kesklinna linnaosa, Tallinn, Harju maakond, 10135"
"KTO025394";"Miniresto OÜ";"17216000";"08.10.2025";"Jah";"Toitlustamine";"Vanaturu kael 10-7, Kesklinna linnaosa, Tallinn, Harju maakond, 10140"
"KTO025395";"Forteist OÜ";"16158750";"08.10.2025";"Jah";"Toitlustamine";"Turu plats 2, Nõmme linnaosa, Tallinn, Harju maakond, 11614"
"";"";"";"";"";"";"Turu plats 2, Nõmme linnaosa, Tallinn, Harju maakond, 11614"
"KTO025390";"Õlleresto OÜ";"17212723";"07.10.2025";"Jah";"Toitlustamine";"Telliskivi tn 60/2, Põhja-Tallinna linnaosa, Tallinn, Harju maakond, 10412"
"KTO025391";"Davydov Catering OÜ";"17337028";"07.10.2025";"Jah";"Toitlustamine";"Kivilinna tn 19, Narva linn, Ida-Viru maakond, 20607"
"KTO025392";"RESTORAN Sadama 4 OÜ";"16618110";"07.10.2025";"Jah";"Toitlustamine";"Sadama tn 4, Kesklinna linnaosa, Tallinn, Harju maakond, 10111"
"KTO025389";"AS Tallinn Airport GH";"11206785";"01.10.2025";"Jah";"Toitlustamine";"Tartu mnt 101, Lasnamäe linnaosa, Tallinn, Harju maakond, 10112"
"KTO025388";"Roofood OÜ";"17222992";"30.09.2025";"Jah";"Toitlustamine";"Kalaranna tn 8/12-27, Põhja-Tallinna linnaosa, Tallinn, Harju maakond, 10415"
"KTO025387";"Loliisu OÜ";"16958136";"27.09.2025";"Jah";"Toitlustamine";"Karja tn 3, Põltsamaa linn, Põltsamaa vald, Jõgeva maakond, 48106"
"KTO025386";"MARVEL STUDIO OÜ";"16576050";"24.09.2025";"Jah";"Toitlustamine";"Lai tn 20, Kesklinna linnaosa, Tallinn, Harju maakond, 10133"
"";"";"";"";"";"";"Lai tn 20, Kesklinna linnaosa, Tallinn, Harju maakond, 10133"
"KTO025385";"SpiritLight OÜ";"16802888";"23.09.2025";"Jah";"Toitlustamine";"Rahu tn 39, Loksa linn, Harju maakond, 74806"
"KTO025384";"Smartplate Food OÜ";"17306631";"22.09.2025";"Jah";"Toitlustamine";"Lelle tn 24-68, Kesklinna linnaosa, Tallinn, Harju maakond, 11318"
"KTO025383";"K-Relevant OÜ";"17318545";"19.09.2025";"Jah";"Toitlustamine";"Järvekalda tee 2, Veibri küla, Luunja vald, Tartu maakond, 62220"
"KTO025382";"Peosaal OÜ";"14210250";"17.09.2025";"Jah";"Toitlustamine";"Koidu tn 7a, Raadi alev, Tartu vald, Tartu maakond"
"KTO025381";"AGROSS TEENUSED OÜ";"17243408";"16.09.2025";"Jah";"Toitlustamine";"Vilja tn 4-50, Võru linn, Võru maakond, 65606"
"KTO025355";"BOHEEMLANE OÜ";"17304610";"15.09.2025";"Jah";"Toitlustamine";"Kopli tn 18-1, Põhja-Tallinna linnaosa, Tallinn, Harju maakond, 11713"
"KTO025379";"OÜ Viskeuss";"16620035";"15.09.2025";"Jah";"Toitlustamine";"Kalevi tn 26, Kuressaare linn, Saaremaa vald, Saare maakond, 93815"
"KTO025380";"Mõisavärava OÜ";"16570202";"15.09.2025";"Jah";"Toitlustamine";"Mõisavärava tn 1, Raadi alev, Tartu vald, Tartu maakond"
"";"";"";"";"";"";"Aleksandri tn 42a, Tartu linn, Tartu linn, Tartu maakond"
"KTO025378";"BluntCuts OÜ";"16586735";"14.09.2025";"Jah";"Toitlustamine";"Aleksandri tn 53-2, Tartu linn, Tartu linn, Tartu maakond, 50104"
"KTO025377";"MoSpa OÜ";"16773336";"12.09.2025";"Jah";"Toitlustamine";"Pargi tn 16-17, Kuressaare linn, Saaremaa vald, Saare maakond, 93810"
"";"";"";"";"";"";"Kauba tn 13, Kuressaare linn, Saaremaa vald, Saare maakond, 93812"
"KTO025375";"Tangid OÜ";"16735407";"11.09.2025";"Jah";"Toitlustamine";"Vahe tn 28, Pärnu linn, Pärnu linn, Pärnu maakond, 80033"
"KTO025376";"Kiseljus Buffet OÜ";"17313909";"11.09.2025";"Jah";"Toitlustamine";"Lootsi tn 8, Kesklinna linnaosa, Tallinn, Harju maakond, 10151"
"KTO025373";"Jaswal OÜ";"17098517";"10.09.2025";"Jah";"Toitlustamine";"Tallinna mnt 18, Keila linn, Harju maakond, 76608"
"KTO025374";"Lääneranna Kultuuri- ja Noortekeskus";"77001961";"10.09.2025";"Jah";"Toitlustamine";"Tallinna mnt 1a, Lihula linn, Lääneranna vald, Pärnu maakond, 90303"
"";"";"";"";"";"";"Tallinna mnt 1a, Lihula linn, Lääneranna vald, Pärnu maakond, 90303"
"";"";"";"";"";"";"Keskuse tee 3, Kõmsi küla, Lääneranna vald, Pärnu maakond, 90102"
"";"";"";"";"";"";"Lõpe keskus, Lõpe küla, Lääneranna vald, Pärnu maakond, 88402"
"";"";"";"";"";"";"Vallamaja/1, Varbla küla, Lääneranna vald, Pärnu maakond"
"KTO025369";"OÜ AUVÄRAV";"17136821";"09.09.2025";"Jah";"Toitlustamine";"Ahtri tn 6, Kesklinna linnaosa, Tallinn, Harju maakond, 10151"
"KTO025370";"AgriTrade Solutions OÜ";"16953185";"09.09.2025";"Jah";"Toitlustamine";"Võru tn 79, Tartu linn, Tartu linn, Tartu maakond, 50112"
"";"";"";"";"";"";"Paju tn 2, Tartu linn, Tartu linn, Tartu maakond, 50604"
"KTO025371";"Hiiu Käbi OÜ";"17298328";"09.09.2025";"Jah";"Toitlustamine";"Pärnu mnt 325, Nõmme linnaosa, Tallinn, Harju maakond, 11620"
"KTO025372";"CaucasusBar OÜ";"17166437";"09.09.2025";"Jah";"Toitlustamine";"Väike-Karja tn 8, Kesklinna linnaosa, Tallinn, Harju maakond, 10140"
"KTO025368";"OÜ Eclano";"17297553";"08.09.2025";"Jah";"Toitlustamine";"Papli tn 13, Pärnu linn, Pärnu linn, Pärnu maakond, 80012"
"KTO025367";"Viacheslav Prokopenko";"17239900";"03.09.2025";"Jah";"Toitlustamine";"Soola tn 10, Tartu linn, Tartu linn, Tartu maakond"
"KTO025365";"EXELERA OÜ";"17307317";"02.09.2025";"Jah";"Toitlustamine";"Aia tn 7, Kesklinna linnaosa, Tallinn, Harju maakond, 10111"
"KTO025364";"Pirts OÜ";"16051531";"31.08.2025";"Jah";"Toitlustamine";"Tamme tn 10, Aespa alevik, Kohila vald, Rapla maakond, 79705"
"KTO025363";"Linnapiiril OÜ";"17283947";"29.08.2025";"Jah";"Toitlustamine";"Piirimaa, Reiu küla, Häädemeeste vald, Pärnu maakond, 86508"
"KTO025362";"Saare Grill OÜ";"17307926";"25.08.2025";"Jah";"Toitlustamine";"Jõesuu tee 1, Vihtra küla, Põhja-Pärnumaa vald, Pärnu maakond, 87603"
"";"";"";"";"";"";"Jõesuu tee 1, Vihtra küla, Põhja-Pärnumaa vald, Pärnu maakond, 87603"
"KTO025359";"Otsa Elamustalu OÜ";"17205947";"21.08.2025";"Jah";"Toitlustamine";"Otsa, Abaja küla, Järva vald, Järva maakond, 73025"
"KTO025360";"PÕHJA KOHT OÜ";"16580152";"21.08.2025";"Jah";"Toitlustamine";"Kari tn 13, Põhja-Tallinna linnaosa, Tallinn, Harju maakond, 10311"
"KTO025361";"Classic Toys OÜ";"16771337";"21.08.2025";"Jah";"Toitlustamine";"A. Weizenbergi tn, Kesklinna linnaosa, Tallinn, Harju maakond, 10150"
"KTO025356";"Toitla OÜ";"12860707";"20.08.2025";"Jah";"Toitlustamine";"Käo tn 70-3, Kristiine linnaosa, Tallinn, Harju maakond, 13418"
"KTO025357";"Rahvamees OÜ";"16122679";"20.08.2025";"Jah";"Toitlustamine";"Ranna tee 2, Tabasalu alevik, Harku vald, Harju maakond, 76901"
"KTO025358";"Truu Invest OÜ";"14403188";"20.08.2025";"Jah";"Toitlustamine";"Kuke tn 3, Rakvere linn, Lääne-Viru maakond, 44311"
"KTO025353";"Fare Food OÜ";"17295749";"12.08.2025";"Jah";"Toitlustamine";"Hõimu tn 16a, Nõmme linnaosa, Tallinn, Harju maakond, 10920"
"KTO025354";"Harasape Masmapli OÜ";"17253389";"12.08.2025";"Jah";"Toitlustamine";"Pärnu mnt 32, Kesklinna linnaosa, Tallinn, Harju maakond, 10141"
"KTO025352";"Fenix Management OÜ";"16757580";"10.08.2025";"Jah";"Toitlustamine";"J. Sütiste tee 30, Mustamäe linnaosa, Tallinn, Harju maakond, 13411"
"KTO025350";"Aiataimed OÜ";"17174098";"08.08.2025";"Jah";"Toitlustamine";"Tallinna mnt 8, Saku alevik, Saku vald, Harju maakond, 75501"
"KTO025351";"Tanni Erilised Maitsed OÜ";"17297783";"08.08.2025";"Jah";"Toitlustamine";"Tiigi, Väheru küla, Valga vald, Valga maakond, 68105"
"KTO025348";"SIHTASUTUS ANIJA MÕISA HALDUS";"90009938";"06.08.2025";"Jah";"Toitlustamine";"Kehra tee 8, Anija küla, Anija vald, Harju maakond, 74411"
"KTO025349";"Pöial-Liisi Kohvik OÜ";"14978382";"06.08.2025";"Jah";"Toitlustamine";"Promenaadi tn 3, Haapsalu linn, Haapsalu linn, Lääne maakond, 90453"
"KTO025346";"Marjoram OÜ";"16865073";"05.08.2025";"Jah";"Toitlustamine";"Suuretamme, Vardi küla, Viljandi vald, Viljandi maakond"
"KTO025347";"ruddyxl OÜ";"17005763";"05.08.2025";"Jah";"Toitlustamine";"Viru tn 13, Kesklinna linnaosa, Tallinn, Harju maakond, 10140"
"KTO025344";"Nomade Resto OÜ";"17226576";"04.08.2025";"Jah";"Toitlustamine";"Ahtri tn 6, Kesklinna linnaosa, Tallinn, Harju maakond, 10151"
"KTO025342";"Marinte OÜ";"16859003";"03.08.2025";"Jah";"Toitlustamine";"Kase, Luke küla, Nõo vald, Tartu maakond"
"KTO025343";"REET PEET";"10318690";"03.08.2025";"Jah";"Toitlustamine";"Keskväljak 7, Jõhvi linn, Jõhvi vald, Ida-Viru maakond, 41536"
"KTO025284";"Ports Resto OÜ";"17238065";"01.08.2025";"Jah";"Toitlustamine";"Pikk tn 36, Kesklinna linnaosa, Tallinn, Harju maakond, 10133"
"KTO025338";"F.Resto OÜ";"17259624";"01.08.2025";"Jah";"Toitlustamine";"Võrgu tn 3-1, Põhja-Tallinna linnaosa, Tallinn, Harju maakond, 10415"
"KTO025339";"SS Pioneer OÜ";"12021496";"01.08.2025";"Jah";"Toitlustamine";"Kitsas tn 5, Tartu linn, Tartu linn, Tartu maakond, 51003"
"KTO025340";"OÜ Köstri Ait";"17290083";"01.08.2025";"Jah";"Toitlustamine";"Suur tn 9, Palamuse alevik, Jõgeva vald, Jõgeva maakond, 49226"
"";"";"";"";"";"";"Suur tn 9, Palamuse alevik, Jõgeva vald, Jõgeva maakond, 49227"
"KTO025215";"Elwa Entertainment Group OÜ";"17146185";"31.07.2025";"Jah";"Toitlustamine";"Pikk tn 43, Elva linn, Elva vald, Tartu maakond, 61505"
"KTO025336";"Gaufres belges OÜ";"16383026";"31.07.2025";"Jah";"Toitlustamine";"Vana-Viru tn 6, Kesklinna linnaosa, Tallinn, Harju maakond, 110100"
"";"";"";"";"";"";"Vana-Posti tn 2, Kesklinna linnaosa, Tallinn, Harju maakond, 110111"
"KTO025337";"JAHH Pagarid OÜ";"14945885";"31.07.2025";"Jah";"Toitlustamine";"Tartu mnt 82, Kesklinna linnaosa, Tallinn, Harju maakond, 10112"
"";"";"";"";"";"";"Laine tn 12, Võsu alevik, Haljala vald, Lääne-Viru maakond, 45501"
"KTO025334";"Mister Murka OÜ";"16578304";"30.07.2025";"Jah";"Toitlustamine";"Kotzebue tn 27-6, Põhja-Tallinna linnaosa, Tallinn, Harju maakond, 10412"
"KTO025332";"OÜ Vivere";"12876714";"26.07.2025";"Jah";"Toitlustamine";"Laratsi, Koimla küla, Saaremaa vald, Saare maakond"
"KTO025331";"Hubala OÜ";"17238740";"25.07.2025";"Jah";"Toitlustamine";"Liivalao tn 11, Nõmme linnaosa, Tallinn, Harju maakond, 11216"
"KTO025328";"Toiteko OÜ";"16789633";"24.07.2025";"Jah";"Toitlustamine";"Paide tee 26, Koeru alevik, Järva vald, Järva maakond, 73001"
"KTO025329";"ESGC Trade OÜ";"17215093";"24.07.2025";"Jah";"Toitlustamine";"Narva mnt 95, Kesklinna linnaosa, Tallinn, Harju maakond, 10127"
"KTO025330";"LSPN trade OÜ";"17215377";"24.07.2025";"Jah";"Toitlustamine";"Narva mnt 95, Kesklinna linnaosa, Tallinn, Harju maakond, 10127"
"KTO025326";"Villade Haldus OÜ";"11528537";"23.07.2025";"Jah";"Toitlustamine";"Pillapalu, Pillapalu küla, Anija vald, Harju maakond"
"KTO025325";"OÜ LaFiesta";"16334588";"23.07.2025";"Jah";"Toitlustamine";"Lootsi tn 3a, Kesklinna linnaosa, Tallinn, Harju maakond, 10151"
"KTO025327";"Abcanime OÜ";"14041155";"23.07.2025";"Jah";"Toitlustamine";"Narva mnt 7c, Kesklinna linnaosa, Tallinn, Harju maakond, 10117"
"KTO025323";"Sinimandria Restoran OÜ";"17142129";"22.07.2025";"Jah";"Toitlustamine";"Kompanii tn 2, Tartu linn, Tartu linn, Tartu maakond, 51007"
"KTO025324";"ESTMA HPT OÜ";"14781722";"22.07.2025";"Jah";"Toitlustamine";"Sadama tn 4, Kesklinna linnaosa, Tallinn, Harju maakond, 10111"
"KTO025319";"Kaks Pizzat OÜ";"17247638";"21.07.2025";"Jah";"Toitlustamine";"Tallinna mnt 1-3, Haapsalu linn, Haapsalu linn, Lääne maakond, 90507"
"KTO025320";"RAB INVEST OÜ";"17228977";"21.07.2025";"Jah";"Toitlustamine";"Kruusamäe tn 34-47, Tartu linn, Tartu linn, Tartu maakond, 50304"
"KTO025321";"Juyal & Juyal OÜ";"17210977";"21.07.2025";"Jah";"Toitlustamine";"F. R. Kreutzwaldi tn 52, Võru linn, Võru maakond, 65610"
"KTO025322";"Mad Grouse OÜ";"17143071";"21.07.2025";"Jah";"Toitlustamine";"Metsise, Krei küla, Kose vald, Harju maakond, 75104"
"KTO025318";"OÜ Puente Norte";"17202268";"20.07.2025";"Jah";"Toitlustamine";"Vesilennuki tn 24-113, Põhja-Tallinna linnaosa, Tallinn, Harju maakond, 10450"
"KTO025317";"UCE concerts OÜ";"14844316";"19.07.2025";"Jah";"Toitlustamine";"Peetri tn 6, Põhja-Tallinna linnaosa, Tallinn, Harju maakond"
"";"";"";"";"";"";"Peetri tn 6, Põhja-Tallinna linnaosa, Tallinn, Harju maakond, 10414"
"KTO025316";"Kosmilised Maitsed OÜ";"17229132";"18.07.2025";"Jah";"Toitlustamine";""
"KTO025315";"ASIAN TASTE OÜ";"17254199";"16.07.2025";"Jah";"Toitlustamine";"Tallinna tn 19a, Kuressaare linn, Saaremaa vald, Saare maakond, 93811"
"";"";"";"";"";"";"Tallinna tn 19a, Kuressaare linn, Saaremaa vald, Saare maakond, 93811"
"KTO025314";"Osaühing Matkaabi";"11008134";"15.07.2025";"Jah";"Toitlustamine";"Kiidepää, Kiidjärve küla, Põlva vald, Põlva maakond, 63604"
"KTO025312";"Stay & Sip OÜ";"17281687";"14.07.2025";"Jah";"Toitlustamine";"Ääre tn 6-2, Vaela küla, Kiili vald, Harju maakond, 75413"
"KTO025313";"Jerwakant MTÜ";"80595289";"14.07.2025";"Jah";"Toitlustamine";"Oraste, Valli küla, Rapla vald, Rapla maakond, 78413"
"KTO025311";"Seaside Services OÜ";"12832786";"13.07.2025";"Jah";"Toitlustamine";"Kõiguste sadam, Kõiguste küla, Saaremaa vald, Saare maakond, 94421"
"KTO025308";"Virukohvik OÜ";"17279816";"11.07.2025";"Jah";"Toitlustamine";"Viru pst 18a, Sillamäe linn, Ida-Viru maakond, 40232"
"KTO025309";"Mittetulundusühing Kanepi RomuTeam";"80561095";"11.07.2025";"Jah";"Toitlustamine";"Tehnika tn 18, Kanepi alevik, Kanepi vald, Põlva maakond, 63101"
"KTO025310";"Toost OÜ";"17274598";"11.07.2025";"Jah";"Toitlustamine";"Väike-Turu tn 5-38, Tartu linn, Tartu linn, Tartu maakond, 51004"
"KTO025306";"ASK Intergroup OÜ";"12232253";"10.07.2025";"Jah";"Toitlustamine";"Narva mnt 7, Kesklinna linnaosa, Tallinn, Harju maakond, 10117"
"KTO025305";"ConsGer OÜ";"16893595";"08.07.2025";"Jah";"Toitlustamine";"Tööstuse tee 5, Tõrvandi alevik, Kambja vald, Tartu maakond, 61715"
"KTO025303";"BOBA OÜ";"16730373";"08.07.2025";"Jah";"Toitlustamine";"Tallinna tn 27, Kuressaare linn, Saaremaa vald, Saare maakond, 93811"
"KTO025304";"OÜ ?okk ja Skandaal";"17267471";"08.07.2025";"Jah";"Toitlustamine";"Mere pst 14, Pärnu linn, Pärnu linn, Pärnu maakond, 80012"
"KTO025302";"Frent OÜ";"12196089";"07.07.2025";"Jah";"Toitlustamine";"Liini tee 13, Valgeranna küla, Pärnu linn, Pärnu maakond, 88326"
"KTO025301";"TaluGurmee OÜ";"16936132";"05.07.2025";"Jah";"Toitlustamine";"Märdi, Luke küla, Nõo vald, Tartu maakond, 61614"
"KTO025299";"AllClean OÜ";"11532881";"04.07.2025";"Jah";"Toitlustamine";"Ranna, Suureranna küla, Hiiumaa vald, Hiiu maakond, 92225"
"KTO025300";"HasGa OÜ";"17236244";"04.07.2025";"Jah";"Toitlustamine";"A. H. Tammsaare tee 98, Mustamäe linnaosa, Tallinn, Harju maakond"
"KTO025298";"Tikkilugu OÜ";"17227280";"03.07.2025";"Jah";"Toitlustamine";"Kopli tn 69a, Põhja-Tallinna linnaosa, Tallinn, Harju maakond, 10314"
"KTO025297";"Soveldaja Loomeleek OÜ";"17093997";"03.07.2025";"Jah";"Toitlustamine";"Kalaranna tn 28, Põhja-Tallinna linnaosa, Tallinn, Harju maakond, 10415"
"KTO025294";"mittetulundusühing Vormsi Tuletorni linnak";"80259290";"01.07.2025";"Jah";"Toitlustamine";"Saxby majaka tee L1, Saxby küla, Vormsi vald, Lääne maakond, 91311"
"KTO025295";"Vooglind OÜ";"14768801";"01.07.2025";"Jah";"Toitlustamine";""
"KTO025291";"Kajali OÜ";"16080372";"30.06.2025";"Jah";"Toitlustamine";"Rüütli tn 36, Pärnu linn, Pärnu linn, Pärnu maakond"
"KTO025292";"Aivaravai OÜ";"17138043";"30.06.2025";"Jah";"Toitlustamine";"Tallinna mnt 70/2, Pärnu linn, Pärnu linn, Pärnu maakond"
"KTO025293";"Hara Holding OÜ";"14438906";"30.06.2025";"Jah";"Toitlustamine";"Juurika, Hara küla, Kuusalu vald, Harju maakond, 74810"
"KTO025290";"Vivenor OÜ";"17233464";"29.06.2025";"Jah";"Toitlustamine";"Ojaääre tn 6, Vahi alevik, Tartu vald, Tartu maakond, 60534"
"KTO025289";"Osaühing Männikohvik";"17263904";"27.06.2025";"Jah";"Toitlustamine";"Riia mnt 110b, Pärnu linn, Pärnu linn, Pärnu maakond, 80010"
"KTO025285";"Kolme Põlvkonna Kohvik OÜ";"17200105";"26.06.2025";"Jah";"Toitlustamine";"Tooma-Sassi, Vilusi küla, Mustvee vald, Jõgeva maakond, 42007"
"KTO025286";"OÜ Parim Finants";"17266726";"26.06.2025";"Jah";"Toitlustamine";""
"KTO025287";"Rõõmüks OÜ";"16840877";"26.06.2025";"Jah";"Toitlustamine";"Köstri-1, Hullo küla, Vormsi vald, Lääne maakond, 91301"
"KTO025288";"Julounge OÜ";"16712174";"26.06.2025";"Jah";"Toitlustamine";"Tartu mnt 29, Kesklinna linnaosa, Tallinn, Harju maakond, 10128"
"KTO025281";"Rummu Grill OÜ";"17151269";"25.06.2025";"Jah";"Toitlustamine";"Kooli tn 1, Rummu alevik, Lääne-Harju vald, Harju maakond, 76102"
"KTO025282";"Hiina Kulp OÜ";"16998704";"25.06.2025";"Jah";"Toitlustamine";"Viru väljak 4, Kesklinna linnaosa, Tallinn, Harju maakond, 10111"
"KTO025283";"Eesti Noore Arhitektuuri Selts";"80131176";"25.06.2025";"Jah";"Toitlustamine";"Riia tn 5, Valga linn, Valga vald, Valga maakond, 68203"
"KTO025278";"Armilde OÜ";"16770421";"19.06.2025";"Jah";"Toitlustamine";"Tedre, Võikvere küla, Jõgeva vald, Jõgeva maakond"
"KTO025279";"Karepa Selts";"80183658";"19.06.2025";"Jah";"Toitlustamine";"Rahvamaja, Karepa küla, Haljala vald, Lääne-Viru maakond, 45401"
"";"";"";"";"";"";"Rahvamaja, Karepa küla, Haljala vald, Lääne-Viru maakond, 45401"
"KTO025280";"Piirivee OÜ";"14884283";"19.06.2025";"Jah";"Toitlustamine";"Klubi, Tooni küla, Tartu vald, Tartu maakond, 62603"
"KTO025275";"OÜ HOLA GRILL";"17104287";"18.06.2025";"Jah";"Toitlustamine";"Raadiku tn 8/1, Lasnamäe linnaosa, Tallinn, Harju maakond, 13812"
"KTO025276";"DeLiner Project OÜ";"17232312";"18.06.2025";"Jah";"Toitlustamine";"A. Elleri tn 11, Tartu linn, Tartu linn, Tartu maakond, 51011"
"KTO025271";"Vana madrus OÜ";"17193523";"17.06.2025";"Jah";"Toitlustamine";"Kõpu tuletorn, Mägipe küla, Hiiumaa vald, Hiiu maakond, 92233"
"";"";"";"";"";"";"Ristna tuletorn, Kalana küla, Hiiumaa vald, Hiiu maakond, 92230"
"";"";"";"";"";"";"Põhjakalda tee 7, Jägala-Joa küla, Jõelähtme vald, Harju maakond, 74212"
"KTO025272";"NordAsia OÜ";"17065437";"17.06.2025";"Jah";"Toitlustamine";"Magdaleena tn 3-41, Kesklinna linnaosa, Tallinn, Harju maakond, 11312"
"KTO025273";"Osaühing Sretensk";"14294548";"17.06.2025";"Jah";"Toitlustamine";"Müürivahe tn 52, Kesklinna linnaosa, Tallinn, Harju maakond, 10140"
"KTO025274";"Satumaa OÜ";"17249092";"17.06.2025";"Jah";"Toitlustamine";"Müürivahe tn 52, Kesklinna linnaosa, Tallinn, Harju maakond, 10140"
"KTO025270";"Velly OÜ";"17207969";"15.06.2025";"Jah";"Toitlustamine";"Tallinna tn 5, Kuressaare linn, Saaremaa vald, Saare maakond, 93819"
"KTO025268";"OÜ Lust ja Lillepidu";"16337948";"12.06.2025";"Jah";"Toitlustamine";"Kvartsi tn 16, Tartu linn, Tartu linn, Tartu maakond, 50415"
"KTO025269";"Kodutoit OÜ";"16496492";"12.06.2025";"Jah";"Toitlustamine";"Pargi tn 2a, Elva linn, Elva vald, Tartu maakond, 61507"
"KTO025265";"AnniElli OÜ";"17252929";"11.06.2025";"Jah";"Toitlustamine";"Küti tee 13-2, Peetri alevik, Rae vald, Harju maakond, 75312"
"KTO025266";"Arkadel Invest OÜ";"11333756";"11.06.2025";"Jah";"Toitlustamine";"Vanapagana, Pärna küla, Hiiumaa vald, Hiiu maakond, 92017"
"KTO025267";"Annlorii OÜ";"17213562";"11.06.2025";"Jah";"Toitlustamine";"Tuuliku, Kalme küla, Põltsamaa vald, Jõgeva maakond, 72401"
"KTO025263";"Osteria Group OÜ";"16776234";"10.06.2025";"Jah";"Toitlustamine";"Ahtri tn 6, Kesklinna linnaosa, Tallinn, Harju maakond, 10151"
"KTO025264";"BAGEL&LURCH OÜ";"14476338";"10.06.2025";"Jah";"Toitlustamine";"Marati tn 5/2, Põhja-Tallinna linnaosa, Tallinn, Harju maakond, 11712 "
"KTO025258";"Werton OÜ";"14211083";"09.06.2025";"Jah";"Toitlustamine";"Kaasiku, Uue-Antsla küla, Antsla vald, Võru maakond"
"KTO025259";"Viru16 OÜ";"17159905";"09.06.2025";"Jah";"Toitlustamine";"Viru tn 16, Kadrina alevik, Kadrina vald, Lääne-Viru maakond, 45201"
"KTO025260";"Maitsevõlu OÜ";"17130356";"09.06.2025";"Jah";"Toitlustamine";"Jüri, Mäeküla, Haapsalu linn, Lääne maakond, 90437"
"KTO025261";"kubaresto OÜ";"17058469";"09.06.2025";"Jah";"Toitlustamine";"F. G. Adoffi tn 11, Rakvere linn, Lääne-Viru maakond, 44310"
"KTO025262";"Veinimeel OÜ";"17192966";"09.06.2025";"Jah";"Toitlustamine";"Magasini tn 5, Tartu linn, Tartu linn, Tartu maakond, 51005"
"KTO025255";"Värske Mahl OÜ";"16915138";"06.06.2025";"Jah";"Toitlustamine";"J. Sütiste tee 9-64, Mustamäe linnaosa, Tallinn, Harju maakond"
"KTO025256";"Kratt Grupp OÜ";"17225594";"06.06.2025";"Jah";"Toitlustamine";"Spordi tn 9, Käina alevik, Hiiumaa vald, Hiiu maakond, 92101"
"KTO025254";"PAKSU POISI PUBI OÜ";"17226910";"05.06.2025";"Jah";"Toitlustamine";"Poe, Uhtjärve küla, Antsla vald, Võru maakond, 66508"
"KTO025253";"LÖFT OÜ";"17249844";"05.06.2025";"Jah";"Toitlustamine";"Paljassaare tee 20, Põhja-Tallinna linnaosa, Tallinn, Harju maakond, 10313"
"KTO025252";"Kalastusparadiis OÜ";"16886075";"03.06.2025";"Jah";"Toitlustamine";"Valuoja pst 2b, Viljandi linn, Viljandi maakond, 71016"
"KTO025249";"OÜ Meresassi";"14999757";"02.06.2025";"Jah";"Toitlustamine";"Sassi, Hiiessaare küla, Hiiumaa vald, Hiiu maakond, 92335"
"";"";"";"";"";"";"Sassi, Hiiessaare küla, Hiiumaa vald, Hiiu maakond, 93225"
"KTO025250";"Tähe Tramm OÜ";"17096553";"02.06.2025";"Jah";"Toitlustamine";"Tähe tn 21-6, Tartu linn, Tartu linn, Tartu maakond, 50103"
"KTO025213";"Hiiu?näks OÜ";"17236008";"01.06.2025";"Jah";"Toitlustamine";"Aiandi, Jausa küla, Hiiumaa vald, Hiiu maakond, 92003"
"KTO025248";"Klooga Rannabaar OÜ";"17250340";"30.05.2025";"Jah";"Toitlustamine";"Mere põik 4, Kloogaranna küla, Lääne-Harju vald, Harju maakond, 76708"
"KTO025244";"Novempes OÜ";"17236296";"29.05.2025";"Jah";"Toitlustamine";"Türi tn 7, Kesklinna linnaosa, Tallinn, Harju maakond, 11314"
"KTO025245";"OÜ PhoenixVisions";"16978831";"29.05.2025";"Jah";"Toitlustamine";"Liivaluite tee 4, Vääna-Jõesuu küla, Harku vald, Harju maakond, 76909"
"KTO025246";"Meduseld OÜ";"17251433";"29.05.2025";"Jah";"Toitlustamine";"Pargi tn, Vana-Vigala küla, Märjamaa vald, Rapla maakond"
"KTO025247";"Rannaka Bistroo OÜ";"17100220";"29.05.2025";"Jah";"Toitlustamine";"Rannarootsi tee 1, Uuemõisa küla, Haapsalu linn, Lääne maakond, 90404"
"KTO025243";"Truvato OÜ";"12627922";"28.05.2025";"Jah";"Toitlustamine";"Kesk tn 5-1, Põlva linn, Põlva vald, Põlva maakond, 63308"
"KTO025238";"Jõeääre Kohvik OÜ";"17232559";"27.05.2025";"Jah";"Toitlustamine";"Rebase tn 18, Tartu linn, Tartu linn, Tartu maakond"
"KTO025239";"Suminad OÜ";"17238315";"27.05.2025";"Jah";"Toitlustamine";"Kauba tn 1-1, Kuressaare linn, Saaremaa vald, Saare maakond, 93819"
"KTO025240";"Mahe Kohvik OÜ";"17189734";"27.05.2025";"Jah";"Toitlustamine";"Volta tn 1a-1, Põhja-Tallinna linnaosa, Tallinn, Harju maakond, 10412"
"KTO025241";"KUJI OÜ";"17205924";"27.05.2025";"Jah";"Toitlustamine";"Lõõtsa tn 4, Lasnamäe linnaosa, Tallinn, Harju maakond, 11415"
"KTO025237";"OÜ Kamsan";"17226659";"24.05.2025";"Jah";"Toitlustamine";"Mere pst 22, Pärnu linn, Pärnu linn, Pärnu maakond, 80012"
"KTO025178";"Kellive OÜ";"17210859";"23.05.2025";"Jah";"Toitlustamine";"Ehte tn 4, Haapsalu linn, Haapsalu linn, Lääne maakond, 90503"
"KTO025234";"Rokitron OÜ";"17164183";"23.05.2025";"Jah";"Toitlustamine";"Hospidali tn 14-8, Pärnu linn, Pärnu linn, Pärnu maakond, 80011"
"KTO025235";"M2 Haldus OÜ";"14910993";"23.05.2025";"Jah";"Toitlustamine";"Manufaktuuri tn 4/1, Põhja-Tallinna linnaosa, Tallinn, Harju maakond"
"KTO025236";"Terratunes OÜ";"14394439";"23.05.2025";"Jah";"Toitlustamine";"Lossiplats 3, Haapsalu linn, Haapsalu linn, Lääne maakond, 90502"
"KTO025231";"Srilankan tamil express OÜ";"16989007";"22.05.2025";"Jah";"Toitlustamine";"Punane tn 50, Lasnamäe linnaosa, Tallinn, Harju maakond"
"KTO025232";"OÜ Japikreeta";"16998733";"22.05.2025";"Jah";"Toitlustamine";"Kirde tn 28, Elva linn, Elva vald, Tartu maakond, 61506"
"KTO025228";"OÜ AVGUSTA";"12476156";"21.05.2025";"Jah";"Toitlustamine";"Veetorni tn 9, Jüri alevik, Rae vald, Harju maakond, 75301"
"KTO025229";"Pink Elevant OÜ";"16492175";"21.05.2025";"Jah";"Toitlustamine";"Mündi tn 4, Kesklinna linnaosa, Tallinn, Harju maakond, 10123"
"KTO025230";"Metsasadam OÜ";"14129275";"21.05.2025";"Jah";"Toitlustamine";"Rannaääre, Jõeranna küla, Hiiumaa vald, Hiiu maakond, 92201"
"KTO025227";"VWR OÜ";"17239521";"20.05.2025";"Jah";"Toitlustamine";"Piiri tn 6, Võsu alevik, Haljala vald, Lääne-Viru maakond, 45501"
"KTO025226";"OÜ JumalAita";"17195309";"19.05.2025";"Jah";"Toitlustamine";"Rüütli tn 21/1, Pärnu linn, Pärnu linn, Pärnu maakond, 80011"
"KTO025223";"OÜ Briis Bar";"16710749";"17.05.2025";"Jah";"Toitlustamine";"Sadama tn 28, Kärdla linn, Hiiumaa vald, Hiiu maakond, 92411"
"KTO025224";"Bunyui Henry Yusinyu";"16618481";"17.05.2025";"Jah";"Toitlustamine";"J. Sütiste tee 30, Mustamäe linnaosa, Tallinn, Harju maakond, 13411"
"KTO025220";"GroMur toit OÜ";"17225358";"16.05.2025";"Jah";"Toitlustamine";"Võru tn 77, Tartu linn, Tartu linn, Tartu maakond, 50112"
"KTO025221";"Thaipinas OÜ";"17240808";"16.05.2025";"Jah";"Toitlustamine";"Merimetsa tn 99, Pärnu linn, Pärnu linn, Pärnu maakond, 80026"
"KTO025222";"Yacht Food OÜ";"17230520";"16.05.2025";"Jah";"Toitlustamine";"Sadama tn 30a, Kärdla linn, Hiiumaa vald, Hiiu maakond, 92411"
"KTO025218";"LaSmak OÜ";"17182904";"14.05.2025";"Jah";"Toitlustamine";"Mareka vkt, Laulasmaa küla, Lääne-Harju vald, Harju maakond, 76702"
"KTO025216";"Vanaase Kodumajutuse OÜ";"16980615";"13.05.2025";"Jah";"Toitlustamine";"Vanaase, Hindsa küla, Setomaa vald, Võru maakond, 65003"
"KTO025217";"OÜ Mustard ja Pastard";"16681835";"13.05.2025";"Jah";"Toitlustamine";"Tartu mnt 6, Alatskivi alevik, Peipsiääre vald, Tartu maakond, 60201"
"KTO025212";"Brice OÜ";"16903626";"12.05.2025";"Jah";"Toitlustamine";"Jõe tn 5, Kesklinna linnaosa, Tallinn, Harju maakond, 74701"
"KTO025214";"RMT ENT OÜ";"17227624";"12.05.2025";"Jah";"Toitlustamine";"Juhkentali tn 11, Kesklinna linnaosa, Tallinn, Harju maakond, 10132"
"KTO025211";"Karlmuhust OÜ";"12524240";"09.05.2025";"Jah";"Toitlustamine";"Meierei, Liiva küla, Muhu vald, Saare maakond, 94701"
"KTO025209";"Põru Putka OÜ";"16106485";"08.05.2025";"Jah";"Toitlustamine";"Põru, Põru küla, Otepää vald, Valga maakond, 67210"
"KTO025210";"Lassinaator OÜ";"16314735";"08.05.2025";"Jah";"Toitlustamine";"Tallinna mnt 34, Aruküla alevik, Raasiku vald, Harju maakond, 75201"
"KTO025208";"OÜ Burrata";"16538138";"07.05.2025";"Jah";"Toitlustamine";"Tuulekivi tee 7, Miiduranna küla, Viimsi vald, Harju maakond"
"KTO025207";"Bagababo Hanglabini OÜ";"16503737";"06.05.2025";"Jah";"Toitlustamine";"Kopli tn 2c, Põhja-Tallinna linnaosa, Tallinn, Harju maakond, 10412"
"KTO025204";"Ginzburg OÜ";"16092719";"05.05.2025";"Jah";"Toitlustamine";"Lossi tn 21, Viljandi linn, Viljandi maakond, 71004"
"KTO025205";"Double Trouble OÜ";"17205663";"05.05.2025";"Jah";"Toitlustamine";"Reedo, Juba küla, Võru vald, Võru maakond"
"";"";"";"";"";"";"F. R. Kreutzwaldi tn 59, Võru linn, Võru maakond, 65610"
"KTO025206";"Dharma Resort OÜ";"17201205";"05.05.2025";"Jah";"Toitlustamine";"Haigru, Rässa küla, Muhu vald, Saare maakond, 94718"
"KTO025201";"OÜ Olmax Grupp";"11907341";"02.05.2025";"Jah";"Toitlustamine";"Roseni tn 9, Kesklinna linnaosa, Tallinn, Harju maakond, 10111"
"KTO025202";"Shaurma family OÜ";"17215851";"02.05.2025";"Jah";"Toitlustamine";"Lihula mnt 3, Haapsalu linn, Haapsalu linn, Lääne maakond, 90507"
"KTO025203";"PPS lounge OÜ";"17200542";"02.05.2025";"Jah";"Toitlustamine";"Pargi tn, Järva-Jaani alev, Järva vald, Järva maakond, 73301"
"KTO025184";"PITSAKANGELASED OÜ";"17223261";"01.05.2025";"Jah";"Toitlustamine";"Vitamiini tn 1, Tartu linn, Tartu linn, Tartu maakond, 50603"
"KTO025200";"Põhumaja OÜ";"14982248";"01.05.2025";"Jah";"Toitlustamine";"Kännu, Kurepalu küla, Kastre vald, Tartu maakond"
"KTO025199";"Tiikri OÜ";"17228960";"29.04.2025";"Jah";"Toitlustamine";"Väike-Karja tn 1, Kesklinna linnaosa, Tallinn, Harju maakond, 10140"
"KTO025198";"Miinusbaar OÜ";"17227736";"28.04.2025";"Jah";"Toitlustamine";"Uustalu, Sääre küla, Kihnu vald, Pärnu maakond, 88005"
"KTO025197";"ProBurger OÜ";"17159615";"27.04.2025";"Jah";"Toitlustamine";"Vikerlase tn 23, Lasnamäe linnaosa, Tallinn, Harju maakond, 13619"
"KTO025195";"Buena Trade OÜ";"11447371";"25.04.2025";"Jah";"Toitlustamine";"Rutu tn 1-3, Kesklinna linnaosa, Tallinn, Harju maakond, 1"
"KTO025196";"Mull & Maik OÜ";"17210983";"25.04.2025";"Jah";"Toitlustamine";"Kalda tee 2-84, Tartu linn, Tartu linn, Tartu maakond, 50703"
"KTO025193";"MustMull OÜ";"17092609";"24.04.2025";"Jah";"Toitlustamine";"Nurme tn 4, Toila alevik, Toila vald, Ida-Viru maakond, 41702"
"KTO025190";"Suska OÜ";"16067398";"23.04.2025";"Jah";"Toitlustamine";"Pikk tn 3-7, Harku alevik, Harku vald, Harju maakond, 76902"
"KTO025189";"Vabaduse Maitsed OÜ";"17167856";"23.04.2025";"Jah";"Toitlustamine";"Vabaduse pst 39, Nõmme linnaosa, Tallinn, Harju maakond, 11212"
"KTO025192";"Pabertiiger OÜ";"17107831";"23.04.2025";"Jah";"Toitlustamine";"Kompanii tn 2, Tartu linn, Tartu linn, Tartu maakond, 50603"
"KTO025181";"Miranova OÜ";"17211416";"22.04.2025";"Jah";"Toitlustamine";"Kivila tn 13-137, Lasnamäe linnaosa, Tallinn, Harju maakond, 13917"
"KTO025188";"Osaühing T.R. TAMME AUTO";"10020438";"22.04.2025";"Jah";"Toitlustamine";"Sadama tee 6, Rannapungerja küla, Alutaguse vald, Ida-Viru maakond, 42208"
"KTO025185";"Colour Gourmet OÜ";"16646454";"21.04.2025";"Jah";"Toitlustamine";"Vana-Viru tn 10, Kesklinna linnaosa, Tallinn, Harju maakond, 10111"
"KTO025186";"OÜ kooki tahad";"16864665";"21.04.2025";"Jah";"Toitlustamine";"Apteegi tn 2, Elva linn, Elva vald, Tartu maakond, 61507"
"KTO025187";"Captain Roosters OÜ";"17224695";"21.04.2025";"Jah";"Toitlustamine";"Narva mnt 5-1, Kesklinna linnaosa, Tallinn, Harju maakond, 10117"
"KTO025183";"OÜ RONANOR";"16664914";"16.04.2025";"Jah";"Toitlustamine";"Oja tn 22, Kallaste linn, Peipsiääre vald, Tartu maakond, 60104"
"KTO025182";"BEP OÜ";"14942220";"15.04.2025";"Jah";"Toitlustamine";"Kalma tn 11, Põhja-Tallinna linnaosa, Tallinn, Harju maakond, 10411"
"KTO025179";"VinoDeli OÜ";"16187414";"11.04.2025";"Jah";"Toitlustamine";"Kaubamaja tn 6, Kesklinna linnaosa, Tallinn, Harju maakond, 10143"
"KTO025180";"lumbini OÜ";"17074563";"11.04.2025";"Jah";"Toitlustamine";"Kallaste tn 7, Tabasalu alevik, Harku vald, Harju maakond, 76901"
"KTO025175";"R-ecole OÜ";"17012317";"09.04.2025";"Jah";"Toitlustamine";"Mere tn, Kunda linn, Viru-Nigula vald, Lääne-Viru maakond, 44109"
"KTO025176";"Kolm Kraani OÜ";"17209269";"09.04.2025";"Jah";"Toitlustamine";"Kaare tn 10, Kärdla linn, Hiiumaa vald, Hiiu maakond, 92411"
"KTO025177";"Suveterrass OÜ";"16992725";"09.04.2025";"Jah";"Toitlustamine";"Kai tn 5, Kesklinna linnaosa, Tallinn, Harju maakond, 10111"
"KTO025173";"Liivimaa Põllumajandus OÜ";"14323575";"08.04.2025";"Jah";"Toitlustamine";"Tähtvere tn 4, Tartu linn, Tartu linn, Tartu maakond, 51007"
"KTO025170";"Gallerycafe OÜ";"16216280";"07.04.2025";"Jah";"Toitlustamine";"Rotermanni tn 6, Kesklinna linnaosa, Tallinn, Harju maakond, 10111"
"KTO025171";"Cairostar OÜ";"17043060";"07.04.2025";"Jah";"Toitlustamine";"Pirita tee 20/3, Kesklinna linnaosa, Tallinn, Harju maakond, 12011"
"KTO025169";"Profbaar OÜ";"16466686";"06.04.2025";"Jah";"Toitlustamine";"Karsti tn 5-30, Mustamäe linnaosa, Tallinn, Harju maakond, 12620"
"KTO025168";"Anneli Martson";"17149315";"05.04.2025";"Jah";"Toitlustamine";"Lohu, Lemsi küla, Kihnu vald, Pärnu maakond, 88002"
"KTO025166";"Noarootsi Teatrigaraa? OÜ";"17198006";"04.04.2025";"Jah";"Toitlustamine";"Pürksi keskus, Paslepa küla / Pasklep, Lääne-Nigula vald, Lääne maakond"
"KTO025167";"Blondu OÜ";"17199359";"04.04.2025";"Jah";"Toitlustamine";"Võlli tee 4, Tori alevik, Tori vald, Pärnu maakond, 86801"
"";"";"";"";"";"";"Võlli tee 4, Tori alevik, Tori vald, Pärnu maakond, 86801"
"KTO025165";"FUGO EXPRESS OÜ";"17192274";"03.04.2025";"Jah";"Toitlustamine";"Männiku tee 145, Männiku küla, Saku vald, Harju maakond, 75511"
"";"";"";"";"";"";"Männiku tee 145, Männiku küla, Saku vald, Harju maakond, 75511"
"KTO025164";"Raekohv OÜ";"16857429";"01.04.2025";"Jah";"Toitlustamine";"Tööstuse tn 47d, Põhja-Tallinna linnaosa, Tallinn, Harju maakond, 10416"
"KTO025163";"Vibora OÜ";"17159727";"31.03.2025";"Jah";"Toitlustamine";"Lepatriinu põik 2, Jälgimäe küla, Saku vald, Harju maakond, 76404"
"KTO025162";"Jakob & Sons OÜ";"17168583";"29.03.2025";"Jah";"Toitlustamine";"Masina tn 1, Kesklinna linnaosa, Tallinn, Harju maakond, 10113"
"KTO025161";"EKT Korraldus OÜ";"17205841";"28.03.2025";"Jah";"Toitlustamine";"Aia tn 4, Kesklinna linnaosa, Tallinn, Harju maakond, 10111"
"KTO025160";"OÜ Hõrgutaja";"17193210";"27.03.2025";"Jah";"Toitlustamine";"Lootsi tn 10/2, Kesklinna linnaosa, Tallinn, Harju maakond, 10151"
"KTO025157";"DZUNGLI OÜ";"17192937";"26.03.2025";"Jah";"Toitlustamine";"4. Roheline tn 8, Narva linn, Ida-Viru maakond, 20605"
"KTO025158";"Mon Reflet S OÜ";"17031909";"26.03.2025";"Jah";"Toitlustamine";"Roseni tn 9, Kesklinna linnaosa, Tallinn, Harju maakond, 10143"
"KTO025156";"LaMemme OÜ";"17154434";"25.03.2025";"Jah";"Toitlustamine";"Endla tn 45, Kristiine linnaosa, Tallinn, Harju maakond, 10615"
"KTO025153";"K&T Lokaal OÜ";"16136517";"24.03.2025";"Jah";"Toitlustamine";"Kopli tn 4, Põhja-Tallinna linnaosa, Tallinn, Harju maakond, 10412"
"KTO025154";"Viikingite grill ja kala OÜ";"17100852";"24.03.2025";"Jah";"Toitlustamine";"Lõuna tee 1, Saula küla, Kose vald, Harju maakond, 75117"
"KTO025155";"Investoraatorid OÜ";"16632050";"24.03.2025";"Jah";"Toitlustamine";"Rotermanni tn 18/2, Kesklinna linnaosa, Tallinn, Harju maakond, 10111"
"KTO025149";"Karaoke Baar OÜ";"17201530";"21.03.2025";"Jah";"Toitlustamine";"Roosikrantsi tn 15-1a, Kesklinna linnaosa, Tallinn, Harju maakond, 10119"
"KTO025150";"Everyone's OÜ";"16770332";"21.03.2025";"Jah";"Toitlustamine";"Pikk tn 31, Kesklinna linnaosa, Tallinn, Harju maakond, 10133"
"KTO025151";"Copperhead Capital OÜ";"14958391";"21.03.2025";"Jah";"Toitlustamine";"Kalasadama tn 5, Põhja-Tallinna linnaosa, Tallinn, Harju maakond, 10415"
"KTO025152";"Carbridge OÜ";"17081238";"21.03.2025";"Jah";"Toitlustamine";"Kalasadama tn 5, Põhja-Tallinna linnaosa, Tallinn, Harju maakond, 10415"
"KTO025148";"Globeflex OÜ";"16307597";"17.03.2025";"Jah";"Toitlustamine";"Riia mnt 54, Pärnu linn, Pärnu linn, Pärnu maakond, 80013"
"KTO025146";"Nautica golfikeskus OÜ";"17179998";"16.03.2025";"Jah";"Toitlustamine";"Ahtri tn 9, Kesklinna linnaosa, Tallinn, Harju maakond, 10151"
"KTO025147";"OÜ Atribor";"11963457";"16.03.2025";"Jah";"Toitlustamine";"Vabaduse väljak 9, Kesklinna linnaosa, Tallinn, Harju maakond, 10146"
"KTO025145";"Capto Invest OÜ";"14487900";"15.03.2025";"Jah";"Toitlustamine";"Mölderi, Kabli küla, Häädemeeste vald, Pärnu maakond, 86002"
"KTO025144";"Vigurid OÜ";"14319691";"14.03.2025";"Jah";"Toitlustamine";"43 Aovere-Kallaste-Omedu tee, Haapsipea küla, Peipsiääre vald, Tartu maakond, 60203"
"KTO025143";"Alaz OÜ";"16616217";"11.03.2025";"Jah";"Toitlustamine";"Võrgu tn 3, Põhja-Tallinna linnaosa, Tallinn, Harju maakond, 10415"
"KTO025133";"Limoncello OÜ";"17013544";"10.03.2025";"Jah";"Toitlustamine";"Vana-Viru tn 6, Kesklinna linnaosa, Tallinn, Harju maakond, 10111"
"KTO025142";"Pikkpoiss OÜ";"16498396";"10.03.2025";"Jah";"Toitlustamine";"Ankru tn 8, Põhja-Tallinna linnaosa, Tallinn, Harju maakond, 11713"
"KTO025141";"Kantribaar OÜ";"17172320";"07.03.2025";"Jah";"Toitlustamine";"Magasini tn 3g-11, Kesklinna linnaosa, Tallinn, Harju maakond, 10138 "
"KTO025139";"Bontlehato Babotadiba OÜ";"14981125";"06.03.2025";"Jah";"Toitlustamine";"Vabaduse väljak 9, Kesklinna linnaosa, Tallinn, Harju maakond, 10142"
"KTO025138";"Kaja Projects OÜ";"14532226";"05.03.2025";"Jah";"Toitlustamine";"Rahumäe tee 27, Nõmme linnaosa, Tallinn, Harju maakond, 11614"
"KTO025136";"OÜ Metsiku Piisoni Saloon";"10662995";"03.03.2025";"Jah";"Toitlustamine";"Roosimaja, Põlula küla, Vinni vald, Lääne-Viru maakond, 46711"
"KTO025137";"Merejanu OÜ";"17188404";"03.03.2025";"Jah";"Toitlustamine";"Ruhnu kordon, Ruhnu küla, Ruhnu vald, Saare maakond, 93001"
"KTO025135";"Jahu Kõrts OÜ";"16741431";"01.03.2025";"Jah";"Toitlustamine";"Kopli tn 71, Põhja-Tallinna linnaosa, Tallinn, Harju maakond"
"KTO025132";"FALL RESTO OÜ";"16590819";"28.02.2025";"Jah";"Toitlustamine";"Rahukohtu tn 5, Kesklinna linnaosa, Tallinn, Harju maakond, 10130"
"KTO025134";"Sabbal Singh";"17087927";"28.02.2025";"Jah";"Toitlustamine";"Gonsiori tn 12, Kesklinna linnaosa, Tallinn, Harju maakond, 10117"
"KTO025130";"M&K GROUP UÜ";"16965484";"27.02.2025";"Jah";"Toitlustamine";"Järve vkt 16, Karula küla, Viljandi vald, Viljandi maakond, 71070"
"KTO025131";"Nüanss Drinks OÜ";"17180549";"27.02.2025";"Jah";"Toitlustamine";"Kadaka tn 13, Elva linn, Elva vald, Tartu maakond, 61007"
"KTO025129";"Think King Games OÜ";"16474734";"26.02.2025";"Jah";"Toitlustamine";"Jaani tn 8-1, Tartu linn, Tartu linn, Tartu maakond, 51007"
"KTO025128";"EVELIA OÜ";"16518325";"25.02.2025";"Jah";"Toitlustamine";"Anne tn 24, Tartu linn, Tartu linn, Tartu maakond, 50604"
"KTO025127";"Bagus OÜ";"17141503";"16.02.2025";"Jah";"Toitlustamine";"Raudtee tn 15, Nõmme linnaosa, Tallinn, Harju maakond, 11621"
"KTO025125";"OÜ Peipsimees";"16898977";"12.02.2025";"Jah";"Toitlustamine";"Oglase, Liikatku küla, Jõgeva vald, Jõgeva maakond, 48508"
"KTO025126";"Kaisi OÜ";"16161923";"12.02.2025";"Jah";"Toitlustamine";"Ojaääre tn 5a, Tüki küla, Tartu linn, Tartu maakond"
"KTO025124";"Sanmaks OÜ";"14905957";"09.02.2025";"Jah";"Toitlustamine";"Riia tn 2, Tartu linn, Tartu linn, Tartu maakond, 51004"
"KTO025120";"WildSouls OÜ";"12472483";"06.02.2025";"Jah";"Toitlustamine";"Mustamäe tee 43, Kristiine linnaosa, Tallinn, Harju maakond, 10619"
"KTO025121";"OÜ Ürg";"14082792";"06.02.2025";"Jah";"Toitlustamine";"Vetka/1, Mähkli küla, Antsla vald, Võru maakond, 66412"
"KTO025122";"Kringeling OÜ";"17103135";"06.02.2025";"Jah";"Toitlustamine";"Metsa tn 3, Kiviõli linn, Lüganuse vald, Ida-Viru maakond, 43125"
"KTO025123";"BAHUS OÜ";"14316592";"06.02.2025";"Jah";"Toitlustamine";"Roosikrantsi tn 23, Kesklinna linnaosa, Tallinn, Harju maakond, 10141"
"KTO025118";"Pöide Mesi OÜ";"16048635";"05.02.2025";"Jah";"Toitlustamine";"Tallinna tn 11, Kuressaare linn, Saaremaa vald, Saare maakond, 93819"
"KTO025116";"Bogodako Hofuhotutu OÜ";"14523227";"02.02.2025";"Jah";"Toitlustamine";"Kinga tn 1, Kesklinna linnaosa, Tallinn, Harju maakond, 10140"
"";"";"";"";"";"";"Vana turg 2, Kesklinna linnaosa, Tallinn, Harju maakond, 10140"
"";"";"";"";"";"";"Suur-Karja tn 11, Kesklinna linnaosa, Tallinn, Harju maakond, 10140"
"KTO025114";"Bar2Go OÜ";"17163226";"27.01.2025";"Jah";"Toitlustamine";"Aiandi tee 28/1-6, Viimsi alevik, Viimsi vald, Harju maakond, 74001"
"KTO025113";"Kõrbes OÜ";"16771461";"24.01.2025";"Jah";"Toitlustamine";"Kopli tn 14, Põhja-Tallinna linnaosa, Tallinn, Harju maakond, 10412"
"KTO025112";"Pizzakahvel OÜ";"17133857";"23.01.2025";"Jah";"Toitlustamine";"Mere pst 6, Kesklinna linnaosa, Tallinn, Harju maakond, 10111"
"KTO025109";"MRZOOG TRADING OÜ";"16538894";"22.01.2025";"Jah";"Toitlustamine";"A. H. Tammsaare tee 89, Mustamäe linnaosa, Tallinn, Harju maakond, 13416"
"KTO025110";"ARIRAN OÜ";"10091877";"22.01.2025";"Jah";"Toitlustamine";"Telliskivi tn 35, Põhja-Tallinna linnaosa, Tallinn, Harju maakond, 10611"
"KTO025111";"ReilKit OÜ";"16736818";"22.01.2025";"Jah";"Toitlustamine";"Vene tn 33, Kesklinna linnaosa, Tallinn, Harju maakond, 10123"
"KTO025106";"Toome pood OÜ";"17143488";"21.01.2025";"Jah";"Toitlustamine";"Jakobi tn 17-1, Tartu linn, Tartu linn, Tartu maakond, 51006"
"KTO025107";"Resete OÜ";"16549188";"21.01.2025";"Jah";"Toitlustamine";"Kesk tn 19, Põlva linn, Põlva vald, Põlva maakond, 63308"
"";"";"";"";"";"";"Kesk tn 15, Põlva linn, Põlva vald, Põlva maakond, 63308"
"";"";"";"";"";"";"Kesk tn 15, Põlva linn, Põlva vald, Põlva maakond, 63308"
"KTO025108";"EMMid OÜ";"17101886";"21.01.2025";"Jah";"Toitlustamine";"Pihtla tee 24, Kuressaare linn, Saaremaa vald, Saare maakond, 93815"
"KTO025105";"Kolm Maali OÜ";"17075829";"19.01.2025";"Jah";"Toitlustamine";"Tartu tn 7c, Viljandi linn, Viljandi maakond, 71004"
"KTO025101";"Rehealune Selts";"80412432";"16.01.2025";"Jah";"Toitlustamine";"Mõisahoovi tee 2, Mooste alevik, Põlva vald, Põlva maakond, 64616"
"KTO025102";"Vonhauer OÜ";"16800091";"16.01.2025";"Jah";"Toitlustamine";"Tallinna mnt 16, Lihula linn, Lääneranna vald, Pärnu maakond, 90303"
"KTO025103";"CIP OÜ";"14890227";"16.01.2025";"Jah";"Toitlustamine";"Lai tn 30, Tartu linn, Tartu linn, Tartu maakond, 51005"
"KTO025099";"Rigiroomi Godimaloum OÜ";"12662380";"15.01.2025";"Jah";"Toitlustamine";"Kitse tee 18-1, Uuesalu küla, Rae vald, Harju maakond, 75331"
"KTO025100";"Member's Club OÜ";"16148779";"15.01.2025";"Jah";"Toitlustamine";"Raekoja plats 11, Kesklinna linnaosa, Tallinn, Harju maakond, 10146"
"KTO025097";"Iglooo OÜ";"16476762";"12.01.2025";"Jah";"Toitlustamine";"Randvere tee 30, Lubja küla, Viimsi vald, Harju maakond, 74010"
"KTO025096";"Kebo OÜ";"17129229";"11.01.2025";"Jah";"Toitlustamine";"Vee tn 1, Paide linn, Paide linn, Järva maakond, 72713"
"KTO025095";"Ohtu Motoklubi";"80613722";"09.01.2025";"Jah";"Toitlustamine";"Suitsurehe, Ohtu küla, Lääne-Harju vald, Harju maakond, 76621"
"KTO025094";"Nekskörd OÜ";"17150086";"08.01.2025";"Jah";"Toitlustamine";""
"KTO025092";"Tadimelweni Mogonesesi OÜ";"17107431";"06.01.2025";"Jah";"Toitlustamine";"Ehitajate tee 109, Haabersti linnaosa, Tallinn, Harju maakond, 13514"
"";"";"";"";"";"";"Ehitajate tee 109, Haabersti linnaosa, Tallinn, Harju maakond, 13514"
"KTO025091";"Pereköök OÜ";"17113702";"05.01.2025";"Jah";"Toitlustamine";"Vabaduse tn 12, Kohila alev, Kohila vald, Rapla maakond, 79804"
"KTO025090";"Mullur Osaühing";"17132800";"04.01.2025";"Jah";"Toitlustamine";"Pikk tn 7, Rakvere linn, Lääne-Viru maakond, 44307"
"KTO025089";"Sommerman OÜ";"16967939";"31.12.2024";"Jah";"Toitlustamine";"Kristalli tn 16-25, Tartu linn, Tartu linn, Tartu maakond, 50415"
"KTO025085";"Mai Kiosk OÜ";"17082427";"27.12.2024";"Jah";"Toitlustamine";"Mai tn, Pärnu linn, Pärnu linn, Pärnu maakond, 80042"
"KTO025088";"OÜ Kildu Grupp";"12953260";"26.12.2024";"Jah";"Toitlustamine";"Pärnu tn 18, Paide linn, Paide linn, Järva maakond, 72712 "
"KTO025087";"Megakorraldus OÜ";"17136927";"25.12.2024";"Jah";"Toitlustamine";"Vana-Viru tn 8, Kesklinna linnaosa, Tallinn, Harju maakond, 10111"
"KTO025086";"Renmarnik OÜ";"16813969";"22.12.2024";"Jah";"Toitlustamine";"Kalaranna tn 8/8-44, Põhja-Tallinna linnaosa, Tallinn, Harju maakond"
"KTO025084";"Rukkileib OÜ";"17115859";"20.12.2024";"Jah";"Toitlustamine";"Karja tn 12, Haapsalu linn, Haapsalu linn, Lääne maakond, 90503"
"KTO025082";"TG Rocca OÜ";"16968181";"19.12.2024";"Jah";"Toitlustamine";"Paldiski mnt 102, Haabersti linnaosa, Tallinn, Harju maakond"
"KTO025083";"Vastok Grupp OÜ";"17072009";"19.12.2024";"Jah";"Toitlustamine";"Aia tn 10a, Kesklinna linnaosa, Tallinn, Harju maakond"
"KTO025057";"OÜ Puente";"17092354";"16.12.2024";"Jah";"Toitlustamine";"Kastani tn 42, Tartu linn, Tartu linn, Tartu maakond, 50410"
"KTO025080";"OysterBoys OÜ";"16064427";"16.12.2024";"Jah";"Toitlustamine";"Aedvere tn 18, Haabersti linnaosa, Tallinn, Harju maakond, 13516"
"KTO025077";"VAROSH OÜ";"17120518";"10.12.2024";"Jah";"Toitlustamine";"Keskväljak 12, Paide linn, Paide linn, Järva maakond, 72713"
"KTO025078";"Eventra OÜ";"17123577";"10.12.2024";"Jah";"Toitlustamine";"Vabaduse väljak 5, Kesklinna linnaosa, Tallinn, Harju maakond, 10141"
"KTO025079";"Bogi Catering OÜ";"16843338";"10.12.2024";"Jah";"Toitlustamine";"Narva mnt 23, Kesklinna linnaosa, Tallinn, Harju maakond, 10120"
"KTO025076";"VP Partner OÜ";"16658658";"09.12.2024";"Jah";"Toitlustamine";"A. H. Tammsaare tee 135, Mustamäe linnaosa, Tallinn, Harju maakond"
"KTO025075";"Mandel OÜ";"17124143";"08.12.2024";"Jah";"Toitlustamine";"Tallinna tn 88, Kudjape alevik, Saaremaa vald, Saare maakond, 93818"
"KTO025074";"Jamm Eesti OÜ";"14133609";"07.12.2024";"Jah";"Toitlustamine";""
"KTO025073";"OÜ Tacocat";"16991731";"06.12.2024";"Jah";"Toitlustamine";"Kalju tn 6a, Põhja-Tallinna linnaosa, Tallinn, Harju maakond, 10414"
"KTO025072";"Sip Whispers OÜ";"17126946";"05.12.2024";"Jah";"Toitlustamine";""
"KTO025071";"Prembuild OÜ";"16939469";"30.11.2024";"Jah";"Toitlustamine";"Lauda, Vana-Vigala küla, Märjamaa vald, Rapla maakond, 78003"
"KTO025069";"StarGamer OÜ";"17056312";"29.11.2024";"Jah";"Toitlustamine";"Võru tn 79, Tartu linn, Tartu linn, Tartu maakond"
"KTO025070";"La Cantina OÜ";"17060265";"29.11.2024";"Jah";"Toitlustamine";"Staapli tn 3, Põhja-Tallinna linnaosa, Tallinn, Harju maakond, 10415"
"KTO025066";"Reute Restoranid OÜ";"16990528";"28.11.2024";"Jah";"Toitlustamine";"Laine tn 12, Võsu alevik, Haljala vald, Lääne-Viru maakond, 45501"
"KTO025067";"G Almora OÜ";"17120642";"28.11.2024";"Jah";"Toitlustamine";"Tartu mnt 1, Otepää linn, Otepää vald, Valga maakond, 67404"
"KTO025068";"Hoiuruum OÜ";"14256447";"28.11.2024";"Jah";"Toitlustamine";"Estonia pst 1, Kesklinna linnaosa, Tallinn, Harju maakond, 10143"
"KTO025065";"Bill The Butcher Group osaühing";"17073049";"27.11.2024";"Jah";"Toitlustamine";"Kopli tn 1, Põhja-Tallinna linnaosa, Tallinn, Harju maakond, 10412"
"KTO025063";"Kassipoeg OÜ";"17090415";"26.11.2024";"Jah";"Toitlustamine";"Väike-Karja tn 8, Kesklinna linnaosa, Tallinn, Harju maakond, 10140"
"KTO025064";"Budu Burger OÜ";"17091969";"26.11.2024";"Jah";"Toitlustamine";"Tuleviku tn 10a, Narva linn, Ida-Viru maakond"
"KTO025060";"BlueWell International OÜ";"12459956";"25.11.2024";"Jah";"Toitlustamine";"Aia tn 10a, Kesklinna linnaosa, Tallinn, Harju maakond, 10111"
"KTO025061";"Kopli Catering OÜ";"16615005";"25.11.2024";"Jah";"Toitlustamine";"Manufaktuuri tn 4/1, Põhja-Tallinna linnaosa, Tallinn, Harju maakond, 10323"
"KTO025062";"Datagram OÜ";"12510002";"25.11.2024";"Jah";"Toitlustamine";""
"KTO025059";"Basil OÜ";"14820793";"22.11.2024";"Jah";"Toitlustamine";"Remsoni, Kaiavere küla, Tartu vald, Tartu maakond, 49105"
"KTO025058";"Live on Screen OÜ";"12564191";"21.11.2024";"Jah";"Toitlustamine";"Hommiku tn 5/2, Pärnu linn, Pärnu linn, Pärnu maakond, 80011"
"KTO025055";"OÜ Art Cesari";"16922078";"19.11.2024";"Jah";"Toitlustamine";"Veski tn 1, Kesklinna linnaosa, Tallinn, Harju maakond, 10132"
"KTO025056";"JuSe Catering OÜ";"14965497";"19.11.2024";"Jah";"Toitlustamine";"Liivalaia tn 28, Kesklinna linnaosa, Tallinn, Harju maakond"
"KTO025052";"Kolm ampsu OÜ";"17024849";"14.11.2024";"Jah";"Toitlustamine";"Võidu tn 27, Rakvere linn, Lääne-Viru maakond, 44311"
"KTO025053";"Osaühing Solarell";"10147431";"14.11.2024";"Jah";"Toitlustamine";"Pärnu mnt 32, Kesklinna linnaosa, Tallinn, Harju maakond, 10141"
"KTO025050";"Olvia KONT OÜ";"16900562";"13.11.2024";"Jah";"Toitlustamine";"Suur-Karja tn 12, Kesklinna linnaosa, Tallinn, Harju maakond"
"KTO025051";"GVP INVEST ESTONIA OÜ";"12771903";"13.11.2024";"Jah";"Toitlustamine";"Tartu mnt 49, Kesklinna linnaosa, Tallinn, Harju maakond, 10115"
"";"";"";"";"";"";"Tartu mnt 49, Kesklinna linnaosa, Tallinn, Harju maakond, 10115"
"";"";"";"";"";"";"Tartu mnt 49, Kesklinna linnaosa, Tallinn, Harju maakond, 10115"
"";"";"";"";"";"";"Tartu mnt 49, Kesklinna linnaosa, Tallinn, Harju maakond, 10115"
"KTO025049";"OÜ Skandinaasia";"16951921";"12.11.2024";"Jah";"Toitlustamine";"Maakri tn 23a, Kesklinna linnaosa, Tallinn, Harju maakond, 10145"
"KTO025047";"Alko EST SERB OÜ";"17068999";"11.11.2024";"Jah";"Toitlustamine";"Päevalille tn 9, Haabersti linnaosa, Tallinn, Harju maakond, 13517"
"KTO025048";"Pastatehas OÜ";"17008939";"11.11.2024";"Jah";"Toitlustamine";"Aardla tn 25g, Tartu linn, Tartu linn, Tartu maakond, 50110"
"KTO025046";"OÜ Trading LCH";"17009436";"10.11.2024";"Jah";"Toitlustamine";"Tallinna tn 86, Kuressaare linn, Saaremaa vald, Saare maakond, 93851"
"KTO025044";"Krõbe Torusai OÜ";"16982657";"06.11.2024";"Jah";"Toitlustamine";"Kopli tn 1, Põhja-Tallinna linnaosa, Tallinn, Harju maakond, 10412"
"KTO025041";"OÜ Tragitegu";"12926375";"05.11.2024";"Jah";"Toitlustamine";"Ranna tee, Kunda linn, Viru-Nigula vald, Lääne-Viru maakond, 44109"
"KTO025042";"Albin Food OÜ";"17102070";"05.11.2024";"Jah";"Toitlustamine";"4. Roheline tn 8, Narva linn, Ida-Viru maakond"
"KTO025043";"OÜ AV Investeeringud";"16303547";"05.11.2024";"Jah";"Toitlustamine";"Telliskivi tn 2, Põhja-Tallinna linnaosa, Tallinn, Harju maakond, 10612"
"";"";"";"";"";"";"Suur-Karja tn 17, Kesklinna linnaosa, Tallinn, Harju maakond, 10148"
"KTO025038";"Köstre Talu OÜ";"17054690";"04.11.2024";"Jah";"Toitlustamine";"Köstre, Kõduküla, Elva vald, Tartu maakond, 61005"
"KTO025039";"HOTSAUCE OÜ";"17008738";"04.11.2024";"Jah";"Toitlustamine";"Rotermanni tn 18, Kesklinna linnaosa, Tallinn, Harju maakond, 10111"
"KTO025040";"Kodar OÜ";"12966593";"04.11.2024";"Jah";"Toitlustamine";"Kaupmehe tn 8-3, Kesklinna linnaosa, Tallinn, Harju maakond, 10114"
"";"";"";"";"";"";"Vana-Viru tn 14, Kesklinna linnaosa, Tallinn, Harju maakond, 10111"
"KTO025037";"OÜ DomFood";"17070192";"03.11.2024";"Jah";"Toitlustamine";"Haapsalu mnt 43, Papsaare küla, Pärnu linn, Pärnu maakond, 88317"
"KTO025022";"Vcent Juel OÜ";"17086342";"01.11.2024";"Jah";"Toitlustamine";"Tartu mnt 13, Kesklinna linnaosa, Tallinn, Harju maakond, 10145"
"KTO025035";"Shuuter OÜ";"17103394";"01.11.2024";"Jah";"Toitlustamine";"Paldiski mnt 17, Keila linn, Harju maakond, 76607"
"KTO025036";"Auna OÜ";"16008081";"01.11.2024";"Jah";"Toitlustamine";"Kiriku tee 4, Kivi-Vigala küla, Märjamaa vald, Rapla maakond, 78001"
"KTO025034";"Hardtekno OÜ";"17081646";"31.10.2024";"Jah";"Toitlustamine";"Munga tn 2-1, Pärnu linn, Pärnu linn, Pärnu maakond, 80010"
"KTO025031";"Leno Grupp OÜ";"16327157";"31.10.2024";"Jah";"Toitlustamine";"Põlluääre tee 6, Iru küla, Jõelähtme vald, Harju maakond, 74206"
"KTO025032";"Alamarte OÜ";"16842209";"31.10.2024";"Jah";"Toitlustamine";"Narva mnt 7, Kesklinna linnaosa, Tallinn, Harju maakond, 10117"
"KTO025033";"Osaühing Halinga Keskus";"10221759";"31.10.2024";"Jah";"Toitlustamine";"Pärnu mnt, Loomse küla, Põhja-Pärnumaa vald, Pärnu maakond, 87222"
"KTO025028";"Mimosa Production OÜ";"17102456";"30.10.2024";"Jah";"Toitlustamine";"Räpina mnt, Võru linn, Võru maakond, 65606"
"KTO025029";"Käma Foods OÜ";"16850048";"30.10.2024";"Jah";"Toitlustamine";"Kooli tee 3, Viru-Jaagupi alevik, Vinni vald, Lääne-Viru maakond, 46604"
"KTO025030";"TOKYO TASTE OÜ";"17101231";"30.10.2024";"Jah";"Toitlustamine";"Katusepapi tn 11-4, Lasnamäe linnaosa, Tallinn, Harju maakond, 11412"
"KTO025026";"Luksway OÜ";"16968732";"28.10.2024";"Jah";"Toitlustamine";"Mõisavahe tn 36-4, Tartu linn, Tartu linn, Tartu maakond, 50708"
"KTO025027";"OÜ Maitsete Nurk";"17096990";"28.10.2024";"Jah";"Toitlustamine";"Müürivahe tn 2, Kesklinna linnaosa, Tallinn, Harju maakond, 10146"
"KTO025025";"NAAFI Estonia OÜ";"17033624";"25.10.2024";"Jah";"Toitlustamine";"Loode tn 35, Tapa linn, Tapa vald, Lääne-Viru maakond, 45106"
"KTO025024";"Sofi Kohvikud OÜ";"17056708";"24.10.2024";"Jah";"Toitlustamine";"Üksnurme tee 8/2, Saku alevik, Saku vald, Harju maakond, 75501"
"KTO025021";"Prep Kitchen OÜ";"16234384";"23.10.2024";"Jah";"Toitlustamine";"Komeedi tn 16-1, Kesklinna linnaosa, Tallinn, Harju maakond, 10142"
"KTO025023";"OÜ Nordic Islands Hospitality";"10020765";"23.10.2024";"Jah";"Toitlustamine";"Pädaste mõisahoone, Pädaste küla, Muhu vald, Saare maakond, 94716"
"KTO025020";"the doodle bar OÜ";"17069763";"22.10.2024";"Jah";"Toitlustamine";"Väike-Karja tn 1, Kesklinna linnaosa, Tallinn, Harju maakond, 10140"
"KTO025019";"Easy Cook OÜ";"16519164";"21.10.2024";"Jah";"Toitlustamine";"Laki tn 14a, Kristiine linnaosa, Tallinn, Harju maakond, 10621"
"KTO025018";"OÜ BH Grupp";"17014963";"19.10.2024";"Jah";"Toitlustamine";"Kopli tn 1, Põhja-Tallinna linnaosa, Tallinn, Harju maakond, 10412"
"KTO025017";"RP9 OÜ";"16878354";"18.10.2024";"Jah";"Toitlustamine";"Raekoja plats 9, Tartu linn, Tartu linn, Tartu maakond, 51004"
"KTO025016";"Meistrimäe Kohvik OÜ";"17042416";"17.10.2024";"Jah";"Toitlustamine";"Ehitajate tee 13, Keila linn, Harju maakond, 76606"
"KTO025015";"MereBar OÜ";"16695406";"16.10.2024";"Jah";"Toitlustamine";"Mere pst 8a-1, Kesklinna linnaosa, Tallinn, Harju maakond, 10111"
"KTO025013";"Kuninga Catering OÜ";"17058073";"15.10.2024";"Jah";"Toitlustamine";"Hariduse tn 1-1m, Türi linn, Türi vald, Järva maakond, 72210"
"KTO025014";"Sooääre Köök OÜ";"16971485";"15.10.2024";"Jah";"Toitlustamine";"Kaasiku/1, Hälvati küla, Lääneranna vald, Pärnu maakond, 90211"
"KTO025010";"Korall OÜ";"12212925";"14.10.2024";"Jah";"Toitlustamine";""
"KTO025011";"Do or Tai OÜ";"16831944";"14.10.2024";"Jah";"Toitlustamine";"Vana-Viru tn 15-1, Kesklinna linnaosa, Tallinn, Harju maakond, 10148"
"KTO025012";"Lutsu Maja OÜ";"16820308";"14.10.2024";"Jah";"Toitlustamine";"Vana-Viru tn 15-1, Kesklinna linnaosa, Tallinn, Harju maakond, 10148"
"KTO025009";"Köögikompanii OÜ";"16755485";"13.10.2024";"Jah";"Toitlustamine";"Maakri tn 23, Kesklinna linnaosa, Tallinn, Harju maakond, 10145"
"KTO025008";"Osaühing Westham Invest";"10637709";"09.10.2024";"Jah";"Toitlustamine";"Narva mnt 2, Kesklinna linnaosa, Tallinn, Harju maakond, 10117"
"KTO025006";"Hotel Group BaltInn OÜ";"17057352";"06.10.2024";"Jah";"Toitlustamine";"L. Koidula tn 13a, Kesklinna linnaosa, Tallinn, Harju maakond, 10125"
"KTO025007";"Ritzy OÜ";"17066977";"06.10.2024";"Jah";"Toitlustamine";"Pargi allee 5, Keila-Joa alevik, Lääne-Harju vald, Harju maakond, 76701"
"KTO025005";"DeepNorth OÜ";"16430889";"05.10.2024";"Jah";"Toitlustamine";"Toom-Kooli tn 21, Kesklinna linnaosa, Tallinn, Harju maakond, 10130"
"KTO025002";"Oja Pizza OÜ";"17025375";"04.10.2024";"Jah";"Toitlustamine";"Oja tn 114, Pärnu linn, Pärnu linn, Pärnu maakond, 80040"
"KTO025003";"Vertigo Events OÜ";"17069438";"04.10.2024";"Jah";"Toitlustamine";""
"KTO025000";"NOOT Agency OÜ";"17034552";"01.10.2024";"Jah";"Toitlustamine";"Telliskivi tn 60, Põhja-Tallinna linnaosa, Tallinn, Harju maakond, 10412"
"KTO024913";"POJU OÜ";"17023465";"09.07.2024";"Jah";"Toitlustamine";"Kivinuka tn 14-3, Mustamäe linnaosa, Tallinn, Harju maakond, 12618"
"";"";"";"";"";"";"Kuninga tn 25, Pärnu linn, Pärnu linn, Pärnu maakond, 80014"
"KTO024835";"PastaHeaven OÜ";"16579539";"26.05.2024";"Jah";"Toitlustamine";"Lääneringtee 39, Tartu linn, Tartu linn, Tartu maakond, 50501"
"KTO024819";"Gastronaut Group OÜ";"14519757";"20.05.2024";"Jah";"Toitlustamine";"Sadama tee 26, Salmistu küla, Kuusalu vald, Harju maakond, 74629"
"";"";"";"";"";"";"Lai tn 33, Kesklinna linnaosa, Tallinn, Harju maakond, 10133"
"KTO024747";"Carlo?s Kitchen OÜ";"16591807";"09.04.2024";"Jah";"Toitlustamine";"Kai tn 4, Kesklinna linnaosa, Tallinn, Harju maakond, 10111"
"";"";"";"";"";"";"Pikk tn 35, Kesklinna linnaosa, Tallinn, Harju maakond, 10133"
"";"";"";"";"";"";"Pikk tn 35, Kesklinna linnaosa, Tallinn, Harju maakond, 10133"
"KTO024734";"Passionmama OÜ";"16951393";"03.04.2024";"Jah";"Toitlustamine";"Koondise tn 11-25, Saue linn, Saue vald, Harju maakond, 76505"
"KTO024728";"Carmenere OÜ";"16265462";"28.03.2024";"Jah";"Toitlustamine";"Viru tn 3, Kesklinna linnaosa, Tallinn, Harju maakond"
"KTO024691";"Toidukoht OÜ";"16544133";"27.02.2024";"Jah";"Toitlustamine";"Värvi tn 5, Kristiine linnaosa, Tallinn, Harju maakond, 10621"
"KTO024687";"Osaühing Lähte Pagar";"16439838";"24.02.2024";"Jah";"Toitlustamine";"Õpetaja tn 7, Lähte alevik, Tartu vald, Tartu maakond, 60502"
"KTO024646";"Fazulianov OÜ";"16799554";"18.01.2024";"Jah";"Toitlustamine";"Sõpruse pst 211?, Mustamäe linnaosa, Tallinn, Harju maakond, 13422"
"";"";"";"";"";"";"Mere pst 8, Kesklinna linnaosa, Tallinn, Harju maakond, 10111"
"KTO024626";"Atelier Peter Petz OÜ";"12543450";"12.12.2023";"Jah";"Toitlustamine";"Raekoja plats 8, Kesklinna linnaosa, Tallinn, Harju maakond, 10146"
"";"";"";"";"";"";"Mündi tn 4, Kesklinna linnaosa, Tallinn, Harju maakond, 10123"
"KTO024565";"MR Event Service OÜ";"16820521";"21.09.2023";"Jah";"Toitlustamine";"Mõisa tee 2, Paide linn, Paide linn, Järva maakond, 72763"
"KTO024545";"Yummy Glow OÜ";"16797973";"01.09.2023";"Jah";"Toitlustamine";"Fama tn 10, Narva linn, Ida-Viru maakond, 20303"
"";"";"";"";"";"";"Juuli tn 1-30, Narva linn, Ida-Viru maakond, 20207"
"KTO024521";"Master Chef OÜ";"16434410";"09.08.2023";"Jah";"Toitlustamine";"Sadama tn 25/2, Kesklinna linnaosa, Tallinn, Harju maakond, 10111"
"KTO024500";"Maa gurmee OÜ";"16229348";"12.07.2023";"Jah";"Toitlustamine";"Kalda tn 10, Mehikoorma alevik, Räpina vald, Põlva maakond, 62511"
"";"";"";"";"";"";"Võõpsu mnt 14a, Räpina linn, Räpina vald, Põlva maakond, 64506"
"KTO024470";"Avaliktoitlustus OÜ";"16735531";"01.07.2023";"Jah";"Toitlustamine";"Aia tn 7, Kesklinna linnaosa, Tallinn, Harju maakond, 10111"
"KTO024417";"ChampChamber OÜ";"14451120";"15.06.2023";"Jah";"Toitlustamine";"Esplanaadi tn 10, Pärnu linn, Pärnu linn, Pärnu maakond, 80010"
"";"";"";"";"";"";"Keskväljak 1, Pärnu linn, Pärnu linn, Pärnu maakond, 80010"
"KTO024397";"Mägilaste Motoklubi";"80398146";"15.05.2023";"Jah";"Toitlustamine";"Metsa tn 4, Rõuge alevik, Rõuge vald, Võru maakond, 66298"
"KTO024372";"osaühing TARVAS VEOD";"11255967";"01.05.2023";"Jah";"Toitlustamine";""
"KTO024353";"Kakurega OÜ";"16720431";"18.04.2023";"Jah";"Toitlustamine";"Kompanii tn 2, Tartu linn, Tartu linn, Tartu maakond"
"KTO024322";"Sihtasutus Eesti Maaelumuuseumid";"90014017";"16.03.2023";"Jah";"Toitlustamine";"Kurgja-Linnutaja, Kurgja küla, Põhja-Pärnumaa vald, Pärnu maakond, 67612"
"";"";"";"";"";"";"Pargi tn 4, Ülenurme alevik, Kambja vald, Tartu maakond, 61714"
"KTO024259";"Ugandi Majutus OÜ";"16102916";"22.12.2022";"Jah";"Toitlustamine";"Valga mnt 23a, Otepää linn, Otepää vald, Valga maakond, 67403"
"KTO024161";"OÜ Novaville";"10574191";"22.08.2022";"Jah";"Toitlustamine";"Lai tn 36a, Kesklinna linnaosa, Tallinn, Harju maakond, 10133"
"KTO024152";"MiPa Services OÜ";"12271537";"09.08.2022";"Jah";"Toitlustamine";"Rookopli tn 20, Kärdla linn, Hiiumaa vald, Hiiu maakond, 92413"
"";"";"";"";"";"";"Hiiu tn 1, Kärdla linn, Hiiumaa vald, Hiiu maakond, 92413"
"";"";"";"";"";"";"Põllu tn 3a, Kärdla linn, Hiiumaa vald, Hiiu maakond, 92414"
"KTO024150";"Cubanelle OÜ";"16472037";"05.08.2022";"Jah";"Toitlustamine";"Uus tn 4-6, Suurejõe küla, Põhja-Pärnumaa vald, Pärnu maakond, 87602"
"KTO024114";"Liquid Intelligence OÜ";"16535714";"14.07.2022";"Jah";"Toitlustamine";"Õismäe tee 129-24, Haabersti linnaosa, Tallinn, Harju maakond, 13515"
"";"";"";"";"";"";"Vene tn 12a, Kesklinna linnaosa, Tallinn, Harju maakond, 10123"
"KTO024049";"Pagu OÜ";"16505854";"27.06.2022";"Jah";"Toitlustamine";"Ehte tn 4, Haapsalu linn, Haapsalu linn, Lääne maakond, 90503"
"KTO024011";"Veintsik OÜ";"16447298";"06.05.2022";"Jah";"Toitlustamine";"Suurtüki tn 2-8, Kesklinna linnaosa, Tallinn, Harju maakond, 10133"
"";"";"";"";"";"";"Rataskaevu tn 6-21, Kesklinna linnaosa, Tallinn, Harju maakond, 10123"
"KTO023962";"TMburks OÜ";"16460703";"21.03.2022";"Jah";"Toitlustamine";"Tallinna tn 8, Suure-Jaani linn, Põhja-Sakala vald, Viljandi maakond, 71502"
"KTO023941";"aktsiaselts A. Le Coq";"10034247";"23.02.2022";"Jah";"Toitlustamine";"Laulupeo pst 15, Tartu linn, Tartu linn, Tartu maakond, 50050"
"KTO023896";"Geohost OÜ";"14353707";"09.12.2021";"Jah";"Toitlustamine";"Pikk tn 43, Kesklinna linnaosa, Tallinn, Harju maakond, 10133"
"KTO023892";"FeedMe OÜ";"14867796";"01.12.2021";"Jah";"Toitlustamine";"Harju tn 5-15, Kesklinna linnaosa, Tallinn, Harju maakond, 10146"
"";"";"";"";"";"";"Mündi tn 2, Kesklinna linnaosa, Tallinn, Harju maakond, 10146"
"";"";"";"";"";"";"Urva, Saula küla, Kose vald, Harju maakond, 75117"
"";"";"";"";"";"";"Sõpruse pst 211a, Mustamäe linnaosa, Tallinn, Harju maakond, 13422"
"";"";"";"";"";"";"Retke tee 1a, Kristiine linnaosa, Tallinn, Harju maakond, 13415"
"KTO023887";"OÜ A.A.M. kohvik";"16047759";"26.11.2021";"Jah";"Toitlustamine";"Joala tn 20, Narva linn, Ida-Viru maakond, 20103"
"KTO023835";"Runaway Grupp OÜ";"12726141";"20.09.2021";"Jah";"Toitlustamine";"Pärnamäe tee 4a, Laiaküla, Viimsi vald, Harju maakond, 74008"
"KTO023822";"EhoSushi OÜ";"14834855";"09.09.2021";"Jah";"Toitlustamine";"Sõpruse pst 211a-5, Mustamäe linnaosa, Tallinn, Harju maakond, 13411"
"KTO023756";"Sihtasutus Rannarootsi Muuseum";"90014655";"02.07.2021";"Jah";"Toitlustamine";"Sadama tn 32, Haapsalu linn, Haapsalu linn, Lääne maakond, 90502"
"KTO023656";"OÜ Mõnusad Maitsed";"14185090";"21.05.2021";"Jah";"Toitlustamine";"Aasa tn 1, Põlva linn, Põlva vald, Põlva maakond, 63304"
"KTO023627";"Meeltemaitsed OÜ";"16218741";"11.05.2021";"Jah";"Toitlustamine";"Punane tn 42, Lasnamäe linnaosa, Tallinn, Harju maakond, 13619"
"KTO023616";"Drink Pub OÜ";"12566356";"06.05.2021";"Jah";"Toitlustamine";"Väike-Karja tn 8, Kesklinna linnaosa, Tallinn, Harju maakond, 10140"
"KTO023582";"OÜ Maitselaegas";"16189643";"03.05.2021";"Jah";"Toitlustamine";"Jüri tn 26, Võru linn, Võru maakond, 65609"
"KTO023515";"Taju Resort OÜ";"16150606";"12.02.2021";"Jah";"Toitlustamine";"Tammenõlva, Manniva küla, Jõelähtme vald, Harju maakond, 74217"
"KTO023438";"Padise Mõis OÜ";"16079305";"11.11.2020";"Jah";"Toitlustamine";"Padise keskus, Padise küla, Lääne-Harju vald, Harju maakond, 76001"
"KTO023395";"Ääsmäe Külakogu";"80018304";"05.10.2020";"Jah";"Toitlustamine";"Kopli tee 2, Ääsmäe küla, Saue vald, Harju maakond, 76402"
"KTO023331";"OÜ Karina Bar";"16008481";"20.08.2020";"Jah";"Toitlustamine";"Partisani tn 4, Narva linn, Ida-Viru maakond, 21007"
"";"";"";"";"";"";"L. Koidula tn 19k, Narva-Jõesuu linn, Narva-Jõesuu linn, Ida-Viru maakond, 29023"
"KTO023314";"Kamecom OÜ";"14778009";"29.07.2020";"Jah";"Toitlustamine";"Kaerametsa, Lemsi küla, Kihnu vald, Pärnu maakond, 88002"
"";"";"";"";"";"";"Suaru sadam, Lemsi küla, Kihnu vald, Pärnu maakond, 88002"
"";"";"";"";"";"";"Kaerametsa, Lemsi küla, Kihnu vald, Pärnu maakond, 88002"
"KTO023179";"Vikaria OÜ";"14595238";"01.07.2020";"Jah";"Toitlustamine";"Helgi tee 2, Peetri alevik, Rae vald, Harju maakond, 75312"
"KTO023210";"Kohvik Ambrosia OÜ";"14951822";"16.06.2020";"Jah";"Toitlustamine";"Nuutri tn 13-22, Kärdla linn, Hiiumaa vald, Hiiu maakond, 92414"
"";"";"";"";"";"";"Sadama tn 4, Kärdla linn, Hiiumaa vald, Hiiu maakond"
"KTO023176";"Anu Ampsud OÜ";"14980444";"29.05.2020";"Jah";"Toitlustamine";"Tõnuri, Nõrava küla, Kose vald, Harju maakond, 75116"
"KTO023082";"OÜ Ihamaru Kõrts";"14678065";"10.02.2020";"Jah";"Toitlustamine";"Kaupluse, Ihamaru küla, Kanepi vald, Põlva maakond"
"";"";"";"";"";"";"Vallikraavi tn 6, Tartu linn, Tartu linn, Tartu maakond, 51003"
"KTO023034";"Best4U Baarid OÜ";"14868541";"01.01.2020";"Jah";"Toitlustamine";"Mustamäe tee 43, Kristiine linnaosa, Tallinn, Harju maakond, 10619"
"";"";"";"";"";"";"Mustakivi tee 17, Lasnamäe linnaosa, Tallinn, Harju maakond, 13912"
"";"";"";"";"";"";"Suur-Jõe tn 77, Pärnu linn, Pärnu linn, Pärnu maakond, 80010"
"KTO022950";"Lucky Loore OÜ";"14658269";"27.09.2019";"Jah";"Toitlustamine";"Küüni tn 7, Tartu linn, Tartu linn, Tartu maakond, 51004"
"KTO022929";"Aasia Restoran OÜ";"14793961";"03.09.2019";"Jah";"Toitlustamine";"Kooli tn 6, Võru linn, Võru maakond, 65606"
"";"";"";"";"";"";"Seminari tn 3, Võru linn, Võru maakond, 65608"
"KTO022784";"AHT22 Residence OÜ";"14621131";"24.05.2019";"Jah";"Toitlustamine";"A. H. Tammsaare pst 22, Pärnu linn, Pärnu linn, Pärnu maakond, 80015"
"KTO022652";"SushiMushi OÜ";"14627346";"20.02.2019";"Jah";"Toitlustamine";"Tallinna mnt 25-1, Rapla linn, Rapla vald, Rapla maakond, 79513"
"";"";"";"";"";"";"Keskväljak 8, Paide linn, Paide linn, Järva maakond, 72713"
"";"";"";"";"";"";"Keskväljak 10, Keila linn, Harju maakond"
"KTO022589";"Gaiani OÜ";"14607591";"12.12.2018";"Jah";"Toitlustamine";"Raekoja plats 8, Kesklinna linnaosa, Tallinn, Harju maakond"
"KTO022583";"PlusService OÜ";"12740570";"06.12.2018";"Jah";"Toitlustamine";"Terase tn 16, Kesklinna linnaosa, Tallinn, Harju maakond, 10111"
"KTO022535";"OÜ Vaga Mama";"12567507";"22.10.2018";"Jah";"Toitlustamine";"Lossi tn 5a, Põltsamaa linn, Põltsamaa vald, Jõgeva maakond"
"";"";"";"";"";"";"Uus tn 2, Keila linn, Harju maakond"
"";"";"";"";"";"";"Tartu tn 14, Viljandi linn, Viljandi maakond, 71004"
"";"";"";"";"";"";"Posti tn 5, Haapsalu linn, Haapsalu linn, Lääne maakond, 90502"
"";"";"";"";"";"";"Haljala tee 4, Tõrremäe küla, Rakvere vald, Lääne-Viru maakond, 44415"
"";"";"";"";"";"";"Tallinna mnt 15a, Rapla linn, Rapla vald, Rapla maakond, 79513"
"";"";"";"";"";"";"Raekoja plats 12, Tartu linn, Tartu linn, Tartu maakond, 51004"
"";"";"";"";"";"";"Viljandi tn 1, Türi linn, Türi vald, Järva maakond, 72210"
"";"";"";"";"";"";"Rae tn 17, Paldiski linn, Lääne-Harju vald, Harju maakond, 76806"
"";"";"";"";"";"";"J. Kuperjanovi tn 1, Valga linn, Valga vald, Valga maakond, 68207"
"KTO022475";"Barbarbar OÜ";"14492389";"23.08.2018";"Jah";"Toitlustamine";"Müürivahe tn 36, Kesklinna linnaosa, Tallinn, Harju maakond, 10148"
"KTO022472";"Samliku Pekker OÜ";"12792696";"15.08.2018";"Jah";"Toitlustamine";"Kaare tn 25, Türi linn, Türi vald, Järva maakond, 72213"
"KTO022389";"OÜ Wise Bros";"14228706";"26.06.2018";"Jah";"Toitlustamine";"Pärnu mnt 80, Kesklinna linnaosa, Tallinn, Harju maakond, 10131"
"KTO022331";"sihtasutus Kihnu Kultuuriruum";"90004639";"30.05.2018";"Jah";"Toitlustamine";"Metsamaa, Rootsiküla, Kihnu vald, Pärnu maakond, 88001"
"";"";"";"";"";"";"Metsamaa, Rootsiküla, Kihnu vald, Pärnu maakond, 88001"
"KTO022325";"OÜ Suhkur";"14422420";"30.05.2018";"Jah";"Toitlustamine";"Aru, Kangru küla, Põhja-Pärnumaa vald, Pärnu maakond, 87216"
"";"";"";"";"";"";"Pärnu mnt 41, Pärnu-Jaagupi alev, Põhja-Pärnumaa vald, Pärnu maakond, 87201"
"KTO022294";"PanCake OÜ";"14186403";"18.05.2018";"Jah";"Toitlustamine";"Tondi tn 17, Kesklinna linnaosa, Tallinn, Harju maakond, 11316"
"";"";"";"";"";"";"Vene tn 6, Kesklinna linnaosa, Tallinn, Harju maakond, 11317"
"";"";"";"";"";"";"Akadeemia tee 21/1, Mustamäe linnaosa, Tallinn, Harju maakond, 12618"
"KTO022290";"Coniare Saffiro OÜ";"12752308";"17.05.2018";"Jah";"Toitlustamine";"Peoleo tn 5-1, Sauga alevik, Tori vald, Pärnu maakond, 85008"
"KTO022236";"Otepää Kultuurikeskused";"77000683";"12.04.2018";"Jah";"Toitlustamine";"Virulombi tn 2, Otepää linn, Otepää vald, Valga maakond, 67404"
"KTO022183";"Sihtasutus Saaremaa Muuseum";"90013957";"19.02.2018";"Jah";"Toitlustamine";"Lossihoov 1, Kuressaare linn, Saaremaa vald, Saare maakond"
"KTO022054";"Sõbra Pesa OÜ";"14337525";"18.10.2017";"Jah";"Toitlustamine";"Võru tn 55f, Tartu linn, Tartu linn, Tartu maakond, 50111"
"";"";"";"";"";"";"Vudila, Kaiavere küla, Tartu vald, Tartu maakond"
"KTO021991";"Barbatus Osaühing";"11530770";"23.08.2017";"Jah";"Toitlustamine";"12132 Emmaste-Tohvri tee, Pärna küla, Hiiumaa vald, Hiiu maakond, 92017"
"KTO021959";"OÜ Catering Team";"14283438";"08.08.2017";"Jah";"Toitlustamine";"Staadioni tn 67-1, Tartu linn, Tartu linn, Tartu maakond, 51106"
"KTO021895";"TAARKA TARÕ OÜ";"11634831";"21.06.2017";"Jah";"Toitlustamine";"Seto Seltsimaja, Obinitsa küla, Setomaa vald, Võru maakond, 65301"
"";"";"";"";"";"";"Seto Seltsimaja, Obinitsa küla, Setomaa vald, Võru maakond, 65301"
"KTO021866";"OÜ ASPIC";"10912593";"12.06.2017";"Jah";"Toitlustamine";"Katariina allee 6b, Võru linn, Võru maakond"
"KTO021656";"OÜ Gemüüse";"14216347";"09.03.2017";"Jah";"Toitlustamine";"Allika tn 12, Värska alevik, Setomaa vald, Võru maakond, 64001"
"KTO021583";"Laugu Külalistemaja OÜ";"14156272";"05.01.2017";"Jah";"Toitlustamine";"Laugu, Sõitme küla, Kuusalu vald, Harju maakond, 74623"
"KTO021489";"MESIMOKA OÜ";"14125641";"13.10.2016";"Jah";"Toitlustamine";"Posti tn 23, Haapsalu linn, Haapsalu linn, Lääne maakond, 90502"
"";"";"";"";"";"";"Posti tn 23, Haapsalu linn, Haapsalu linn, Lääne maakond"
"KTO021488";"Asian Food OÜ";"12721472";"11.10.2016";"Jah";"Toitlustamine";"Endla tn 45, Kristiine linnaosa, Tallinn, Harju maakond"
"KTO021431";"OÜ MERITUULI";"10482023";"26.08.2016";"Jah";"Toitlustamine";"Pikk tn 21, Kose alevik, Kose vald, Harju maakond, 75101"
"KTO021396";"Roosa Panter OÜ";"14087660";"03.08.2016";"Jah";"Toitlustamine";"Vana-Viru tn 14, Kesklinna linnaosa, Tallinn, Harju maakond, 10114"
"KTO021332";"Heamaitse OÜ";"12974428";"04.07.2016";"Jah";"Toitlustamine";"Sauna tn 1, Tapa linn, Tapa vald, Lääne-Viru maakond, 45109"
"KTO021176";"VIIKSUR OÜ";"11979441";"07.05.2016";"Jah";"Toitlustamine";"Supeluse tn 2a, Pärnu linn, Pärnu linn, Pärnu maakond, 80012"
"";"";"";"";"";"";"Uulu kirik, Uulu küla, Häädemeeste vald, Pärnu maakond, 86502"
"KTO021113";"Kodu Rand OÜ";"12960521";"06.04.2016";"Jah";"Toitlustamine";"Saarjärve, Viira küla, Räpina vald, Põlva maakond, 76430"
"";"";"";"";"";"";"Saarjärve, Viira küla, Räpina vald, Põlva maakond, 76430"
"KTO021051";"Osaühing Mare Catering";"11310376";"22.02.2016";"Jah";"Toitlustamine";"Lootsi tn 13, Kesklinna linnaosa, Tallinn, Harju maakond, 10111"
"";"";"";"";"";"";"Lootsi tn 13, Kesklinna linnaosa, Tallinn, Harju maakond, 10111"
"KTO021014";"Coffe Caroline OÜ";"11110890";"18.01.2016";"Jah";"Toitlustamine";"Madise, Neanurme küla, Põltsamaa vald, Jõgeva maakond, 14177"
"KTO020925";"Skeletor OÜ";"12912551";"30.09.2015";"Jah";"Toitlustamine";"Tööstuse tn 13, Põhja-Tallinna linnaosa, Tallinn, Harju maakond, 10413"
"";"";"";"";"";"";"Volta tn 32-13, Põhja-Tallinna linnaosa, Tallinn, Harju maakond"
"KTO020826";"MER restaurants OÜ";"12878771";"17.07.2015";"Jah";"Toitlustamine";"Kullassepa tn 13, Kesklinna linnaosa, Tallinn, Harju maakond, 10146"
"KTO020618";"OÜ Põhjala Retail";"12717499";"15.04.2015";"Jah";"Toitlustamine";"Peetri tn 5, Põhja-Tallinna linnaosa, Tallinn, Harju maakond, 10415"
"";"";"";"";"";"";"Telliskivi tn 60a/5, Põhja-Tallinna linnaosa, Tallinn, Harju maakond, 10412"
"";"";"";"";"";"";"Kopli tn 70a, Põhja-Tallinna linnaosa, Tallinn, Harju maakond, 10412"
"KTO020588";"Malvar OÜ";"12768924";"29.03.2015";"Jah";"Toitlustamine";"21117 Kärla-Karujärve tee, Paiküla, Saaremaa vald, Saare maakond, 93501"
"";"";"";"";"";"";"Kallavere tee 41a, Maardu linn, Harju maakond, 74117"
"";"";"";"";"";"";"Vana-Narva mnt 18, Maardu linn, Harju maakond"
"KTO020559";"Gurmee Sushi OÜ";"12788275";"04.03.2015";"Jah";"Toitlustamine";"A. H. Tammsaare tee 116, Mustamäe linnaosa, Tallinn, Harju maakond"
"KTO020543";"Merike Kesküla Heltermaa baar";"12798144";"19.02.2015";"Jah";"Toitlustamine";"Heltermaa sadam, Heltermaa küla, Hiiumaa vald, Hiiu maakond, 92312"
"KTO020535";"Tervise Catering OÜ";"12636754";"12.02.2015";"Jah";"Toitlustamine";"Peterburi tee 66, Lasnamäe linnaosa, Tallinn, Harju maakond, 11415"
"KTO020429";"OÜ Pööbel";"12721779";"17.11.2014";"Jah";"Toitlustamine";"Telliskivi tn 60/4, Põhja-Tallinna linnaosa, Tallinn, Harju maakond, 10412"
"KTO020424";"Kassikohvik OÜ";"12664136";"14.11.2014";"Jah";"Toitlustamine";"Tartu mnt 24, Kesklinna linnaosa, Tallinn, Harju maakond, 10115"
"KTO020289";"OÜ McKenzie Invest";"10951185";"18.08.2014";"Jah";"Toitlustamine";"Lääneringtee 39, Tartu linn, Tartu linn, Tartu maakond, 50501"
"";"";"";"";"";"";"Mustakivi tee 13, Lasnamäe linnaosa, Tallinn, Harju maakond"
"";"";"";"";"";"";"Aida tn 7, Pärnu linn, Pärnu linn, Pärnu maakond"
"";"";"";"";"";"";"Papiniidu tn 8, Pärnu linn, Pärnu linn, Pärnu maakond"
"";"";"";"";"";"";"Tuulemaa tn 20, Põhja-Tallinna linnaosa, Tallinn, Harju maakond"
"";"";"";"";"";"";"A. H. Tammsaare tee 104a, Mustamäe linnaosa, Tallinn, Harju maakond, 12918"
"";"";"";"";"";"";"Riia tn 2, Tartu linn, Tartu linn, Tartu maakond, 51013"
"";"";"";"";"";"";"Ringtee tn 75, Tartu linn, Tartu linn, Tartu maakond"
"";"";"";"";"";"";"Sõpruse tee 15, Haabneeme alevik, Viimsi vald, Harju maakond"
"";"";"";"";"";"";"Kalda tee 1c, Tartu linn, Tartu linn, Tartu maakond, 50703"
"";"";"";"";"";"";"Kalda tee 1c, Tartu linn, Tartu linn, Tartu maakond, 50703"
"";"";"";"";"";"";"Haabersti tn 1, Haabersti linnaosa, Tallinn, Harju maakond, 13516"
"";"";"";"";"";"";"Pärnu mnt 238, Nõmme linnaosa, Tallinn, Harju maakond, 11624"
"";"";"";"";"";"";"Pärnu mnt 556a, Laagri alevik, Saue vald, Harju maakond, 76401"
"";"";"";"";"";"";"Sõpruse pst 201, Mustamäe linnaosa, Tallinn, Harju maakond"
"";"";"";"";"";"";"Ahju tn 9, Kesklinna linnaosa, Tallinn, Harju maakond, 10151"
"";"";"";"";"";"";"Paldiski mnt 102, Haabersti linnaosa, Tallinn, Harju maakond, 13522"
"";"";"";"";"";"";"Suur-Sõjamäe tn 4, Lasnamäe linnaosa, Tallinn, Harju maakond, 11415"
"";"";"";"";"";"";"Suur-Sõjamäe tn 4, Lasnamäe linnaosa, Tallinn, Harju maakond, 11415"
"";"";"";"";"";"";"Keemikute tn 43, Maardu linn, Harju maakond, 74111"
"";"";"";"";"";"";"Roo tee 1, Harkujärve küla, Harku vald, Harju maakond, 76912"
"KTO020271";"GLAK OÜ";"12505604";"12.08.2014";"Jah";"Toitlustamine";"Punane tn 17a, Lasnamäe linnaosa, Tallinn, Harju maakond"
"";"";"";"";"";"";"Kopli tn 69a, Põhja-Tallinna linnaosa, Tallinn, Harju maakond, 10314"
"";"";"";"";"";"";"Viru pst 35, Sillamäe linn, Ida-Viru maakond, 40233"
"";"";"";"";"";"";"Nurga tn 5, Maardu linn, Harju maakond, 74113"
"";"";"";"";"";"";"Kopli tn 4, Põhja-Tallinna linnaosa, Tallinn, Harju maakond, 10412"
"";"";"";"";"";"";"Laagna tee 80, Lasnamäe linnaosa, Tallinn, Harju maakond, 13619"
"";"";"";"";"";"";"Keskallee 7, Järve linnaosa, Kohtla-Järve linn, Ida-Viru maakond, 30322"
"";"";"";"";"";"";"Võidu prospekt 1, Narva linn, Ida-Viru maakond, 21008"
"";"";"";"";"";"";"Maleva tn 25a, Ahtme linnaosa, Kohtla-Järve linn, Ida-Viru maakond, 31021"
"";"";"";"";"";"";"P. Pinna tn 21, Lasnamäe linnaosa, Tallinn, Harju maakond, 13615"
"";"";"";"";"";"";"Õismäe tee 107a, Haabersti linnaosa, Tallinn, Harju maakond, 13515"
"";"";"";"";"";"";"Pae tn 80, Lasnamäe linnaosa, Tallinn, Harju maakond, 13620"
"";"";"";"";"";"";"Rännaku pst 9a, Nõmme linnaosa, Tallinn, Harju maakond, 10917"
"";"";"";"";"";"";"Mustamäe tee 116, Mustamäe linnaosa, Tallinn, Harju maakond, 12911"
"";"";"";"";"";"";"Vikerlase tn 23, Lasnamäe linnaosa, Tallinn, Harju maakond, 13616"
"";"";"";"";"";"";"Kopli tn 27, Põhja-Tallinna linnaosa, Tallinn, Harju maakond, 10412"
"";"";"";"";"";"";"Akadeemia tee 24, Mustamäe linnaosa, Tallinn, Harju maakond, 12611"
"";"";"";"";"";"";"Viru pst 6, Sillamäe linn, Ida-Viru maakond, 40232"
"";"";"";"";"";"";"Energia tn 1, Kristiine linnaosa, Tallinn, Harju maakond"
"";"";"";"";"";"";"Sõpruse pst 225, Mustamäe linnaosa, Tallinn, Harju maakond, 13414"
"";"";"";"";"";"";"Uus-Maleva tn 2, Põhja-Tallinna linnaosa, Tallinn, Harju maakond"
"KTO020146";"AS Terminal";"10171518";"11.07.2014";"Jah";"Toitlustamine";"Kauba tee 4, Tõrvandi alevik, Kambja vald, Tartu maakond, 61715"
"";"";"";"";"";"";"Nõlvakaare tn 2, Tila küla, Tartu vald, Tartu maakond, 60532"
"";"";"";"";"";"";"Bensiinijaama, Lehmja küla, Rae vald, Harju maakond"
"";"";"";"";"";"";"Osmussaare tn 15, Lasnamäe linnaosa, Tallinn, Harju maakond"
"";"";"";"";"";"";"Turu tn 2, Tartu linn, Tartu linn, Tartu maakond"
"";"";"";"";"";"";"Puru tee 5b, Jõhvi linn, Jõhvi vald, Ida-Viru maakond, 41534"
"";"";"";"";"";"";"Tartu terminal, Kärkna küla, Tartu vald, Tartu maakond, 60513"
"";"";"";"";"";"";"Peetri, Nurme küla, Tori vald, Pärnu maakond, 85004"
"KTO019003";"Sorka OÜ";"12555186";"27.11.2013";"Jah";"Toitlustamine";"Haabersti tn 3, Haabersti linnaosa, Tallinn, Harju maakond"
"KTO018809";"JAHH Catering OÜ";"12469378";"16.09.2013";"Jah";"Toitlustamine";"Salme tn 12, Põhja-Tallinna linnaosa, Tallinn, Harju maakond"
"";"";"";"";"";"";"Nunne tn 4, Kesklinna linnaosa, Tallinn, Harju maakond, 10133"
"";"";"";"";"";"";"Lossi plats 1a, Kesklinna linnaosa, Tallinn, Harju maakond, 15165"
"";"";"";"";"";"";"Sakala tn 3, Kesklinna linnaosa, Tallinn, Harju maakond, 10141"
"KTO018286";"NovaBeta OÜ";"11620711";"10.07.2013";"Jah";"Toitlustamine";"Moto, Lilbi küla, Saaremaa vald, Saare maakond, 93853"
"KTO018198";"Tuisuliiva OÜ";"10658963";"03.07.2013";"Jah";"Toitlustamine";"Jaagupi kauplus, Jaagupi küla, Häädemeeste vald, Pärnu maakond, 86003"
"";"";"";"";"";"";"Tuisupealse, Kabli küla, Häädemeeste vald, Pärnu maakond, 86002"
"KTO017897";"MTÜ Abruka Rannaniit";"80317745";"14.06.2013";"Jah";"Toitlustamine";"Sadama, Abruka küla, Saaremaa vald, Saare maakond, 93826"
"KTO017675";"LAPINETA OÜ";"11644999";"28.05.2013";"Jah";"Toitlustamine";"Kalaranna tn 8/10-32, Põhja-Tallinna linnaosa, Tallinn, Harju maakond, 10415"
"";"";"";"";"";"";"Kalaranna tn 8/9-30, Põhja-Tallinna linnaosa, Tallinn, Harju maakond, 10415"
"KTO017631";"Kohvikann OÜ";"12256934";"20.05.2013";"Jah";"Toitlustamine";"Karja tn 10, Haapsalu linn, Haapsalu linn, Lääne maakond"
"KTO017368";"osaühing Raiesmaa";"10967453";"14.03.2013";"Jah";"Toitlustamine";"Kase tee 1, Penu küla, Häädemeeste vald, Pärnu maakond, 86014"
"KTO017335";"Miska OÜ";"11893797";"28.02.2013";"Jah";"Toitlustamine";"Kalma tn 9, Põhja-Tallinna linnaosa, Tallinn, Harju maakond, 10411"
"KTO017235";"OÜ Valencia Grupp";"11977949";"27.12.2012";"Jah";"Toitlustamine";"Mustamäe tee 5, Kristiine linnaosa, Tallinn, Harju maakond"
"";"";"";"";"";"";"K. Kärberi tn 20, Lasnamäe linnaosa, Tallinn, Harju maakond, 13819"
"KTO017078";"MySushi OÜ";"12278143";"23.10.2012";"Jah";"Toitlustamine";"Haabersti tn 1, Haabersti linnaosa, Tallinn, Harju maakond"
"";"";"";"";"";"";"Liivalaia tn 53, Kesklinna linnaosa, Tallinn, Harju maakond"
"";"";"";"";"";"";"A. H. Tammsaare tee 104a, Mustamäe linnaosa, Tallinn, Harju maakond"
"";"";"";"";"";"";"Pärnu mnt 238, Nõmme linnaosa, Tallinn, Harju maakond"
"";"";"";"";"";"";"Pärnu mnt 554, Nõmme linnaosa, Tallinn, Harju maakond, 10916"
"";"";"";"";"";"";"Randvere tee 9, Haabneeme alevik, Viimsi vald, Harju maakond, 74001"
"";"";"";"";"";"";"Endla tn 45, Kristiine linnaosa, Tallinn, Harju maakond, 10615"
"";"";"";"";"";"";"Paldiski mnt 102, Haabersti linnaosa, Tallinn, Harju maakond, 13522"
"";"";"";"";"";"";"Mustakivi tee 13, Lasnamäe linnaosa, Tallinn, Harju maakond, 13619"
"";"";"";"";"";"";"J. Smuuli tee 9, Lasnamäe linnaosa, Tallinn, Harju maakond, 13629"
"";"";"";"";"";"";"Suur-Sõjamäe tn 4, Lasnamäe linnaosa, Tallinn, Harju maakond, 11415"
"";"";"";"";"";"";"Tuulemaa tn 20, Põhja-Tallinna linnaosa, Tallinn, Harju maakond, 10316"
"";"";"";"";"";"";"Viru väljak 4, Kesklinna linnaosa, Tallinn, Harju maakond, 10111"
"";"";"";"";"";"";"Tartu mnt 87, Lasnamäe linnaosa, Tallinn, Harju maakond, 11412"
"";"";"";"";"";"";"Karjavälja tn 4, Mustamäe linnaosa, Tallinn, Harju maakond, 12918"
"";"";"";"";"";"";"Sõpruse pst 201, Mustamäe linnaosa, Tallinn, Harju maakond, 13411"
"";"";"";"";"";"";"Papiniidu tn 8, Pärnu linn, Pärnu linn, Pärnu maakond, 80010"
"";"";"";"";"";"";"Kalda tee 1c, Tartu linn, Tartu linn, Tartu maakond, 50703"
"";"";"";"";"";"";"Lääneringtee 39, Tartu linn, Tartu linn, Tartu maakond, 50501"
"";"";"";"";"";"";"Tallinna tn 41, Viljandi linn, Viljandi maakond, 71020"
"";"";"";"";"";"";"Hobujaama tn 5, Kesklinna linnaosa, Tallinn, Harju maakond, 10151"
"";"";"";"";"";"";"Riia tn 2, Tartu linn, Tartu linn, Tartu maakond, 51004"
"";"";"";"";"";"";"Merivälja tee 24, Pirita linnaosa, Tallinn, Harju maakond, 12112"
"";"";"";"";"";"";"Lai tn 11, Pärnu linn, Pärnu linn, Pärnu maakond, 80011"
"";"";"";"";"";"";"Veesaare tee 2, Peetri alevik, Rae vald, Harju maakond, 75312"
"KTO016501";"KOHVISTOPP OÜ";"12232170";"12.07.2012";"Jah";"Toitlustamine";"Vabaduse väljak 5, Kesklinna linnaosa, Tallinn, Harju maakond"
"KTO016081";"Osaühing Aldar Eesti";"11710650";"13.06.2012";"Jah";"Toitlustamine";"Sadama 25-4, Kesklinna linnaosa, Tallinn, Harju maakond"
"";"";"";"";"";"";"Lootsi tn 10, Kesklinna linnaosa, Tallinn, Harju maakond, 10151"
"";"";"";"";"";"";"Lootsi tn 10, Kesklinna linnaosa, Tallinn, Harju maakond, 10151"
"";"";"";"";"";"";"Klooga mnt 6a, Tabasalu alevik, Harku vald, Harju maakond, 76901"
"KTO015817";"U&K TOITLUSTUS OÜ";"11758355";"23.05.2012";"Jah";"Toitlustamine";"Kastani pst 12, Rakvere linn, Lääne-Viru maakond"
"KTO015268";"Gotsu OÜ";"11900178";"01.11.2011";"Jah";"Toitlustamine";"Pärnu mnt 62a, Kesklinna linnaosa, Tallinn, Harju maakond"
"";"";"";"";"";"";"Suur-Männiku tn 5, Nõmme linnaosa, Tallinn, Harju maakond, 11216"
"KTO013793";"Holmjet OÜ";"11975503";"01.03.2011";"Jah";"Toitlustamine";"Roseni tn 7, Kesklinna linnaosa, Tallinn, Harju maakond"
"KTO013482";"Pärnu Tennisekeskus OÜ";"11947429";"04.11.2010";"Jah";"Toitlustamine";"A. H. Tammsaare pst 39, Pärnu linn, Pärnu linn, Pärnu maakond"
"KTO013381";"Pimenta OÜ";"11997781";"01.10.2010";"Jah";"Toitlustamine";"Pärnu mnt 41, Pärnu-Jaagupi alev, Põhja-Pärnumaa vald, Pärnu maakond"
"KTO013078";"Osaühing NOVATREK GROUP";"11372377";"06.08.2010";"Jah";"Toitlustamine";"Simuna tee 1b, Rakke alevik, Väike-Maarja vald, Lääne-Viru maakond"
"KTO011678";"Maharaja Catering OÜ";"11865246";"22.02.2010";"Jah";"Toitlustamine";"Harju tn 7, Kesklinna linnaosa, Tallinn, Harju maakond, 10146"
"KTO011429";"Osaühing Anne Toidud";"11759478";"26.11.2009";"Jah";"Toitlustamine";"Rägavere tee 46/1, Rakvere linn, Lääne-Viru maakond, 44312"
"KTO010983";"OÜ Plus Kohvikud";"11465222";"07.08.2009";"Jah";"Toitlustamine";"Peterburi tee 92e, Lasnamäe linnaosa, Tallinn, Harju maakond"
"";"";"";"";"";"";"Kopli tn 69c, Põhja-Tallinna linnaosa, Tallinn, Harju maakond, 10314"
"";"";"";"";"";"";"Kanali põik 3, Rae küla, Rae vald, Harju maakond, 10112"
"";"";"";"";"";"";"Tartu mnt 2, Kesklinna linnaosa, Tallinn, Harju maakond, 10145"
"";"";"";"";"";"";"Ehitajate tee 27, Mustamäe linnaosa, Tallinn, Harju maakond, 12618"
"";"";"";"";"";"";"Kadaka tee 4, Kristiine linnaosa, Tallinn, Harju maakond, 10621"
"";"";"";"";"";"";"Peterburi tee 67a, Lasnamäe linnaosa, Tallinn, Harju maakond, 11415"
"";"";"";"";"";"";"Kännu tn 67, Kristiine linnaosa, Tallinn, Harju maakond, 13418"
"";"";"";"";"";"";"Kaluri tn 22, Haapsalu linn, Haapsalu linn, Lääne maakond, 16026846"
"";"";"";"";"";"";"Akadeemia tee 1, Mustamäe linnaosa, Tallinn, Harju maakond, 12616"
"";"";"";"";"";"";"Akadeemia tee 3, Mustamäe linnaosa, Tallinn, Harju maakond, 12616"
"KTO009562";"osaühing Pak L&P";"10323939";"16.01.2009";"Jah";"Toitlustamine";"Ujula tn 2, Tartu linn, Tartu linn, Tartu maakond"
"KTO008044";"Piko Hobikross Osaühing";"10949704";"28.04.2008";"Jah";"Toitlustamine";"Rallipargi/1, Hingu küla, Saue vald, Harju maakond, 76312"
"KTO007873";"Kaerajaan OÜ";"10622560";"22.02.2008";"Jah";"Toitlustamine";"Raekoja plats 17, Kesklinna linnaosa, Tallinn, Harju maakond"
"";"";"";"";"";"";"Raekoja plats 17, Kesklinna linnaosa, Tallinn, Harju maakond, 10146"
"KTO007663";"aktsiaselts Olerex";"10136870";"06.11.2007";"Jah";"Toitlustamine";"Tallinna mnt 9, Sillamäe linn, Ida-Viru maakond"
"";"";"";"";"";"";"Tartu mnt 1b, Mammaste küla, Põlva vald, Põlva maakond, 63211"
"";"";"";"";"";"";"Tartu mnt 15b, Jõhvi linn, Jõhvi vald, Ida-Viru maakond, 41538"
"";"";"";"";"";"";"Lagedi tee 1, Lasnamäe linnaosa, Tallinn, Harju maakond, 13816"
"";"";"";"";"";"";"Lagedi tee 1, Lasnamäe linnaosa, Tallinn, Harju maakond, 13816"
"";"";"";"";"";"";"Ehitajate tee 101, Mustamäe linnaosa, Tallinn, Harju maakond, 12915"
"KTO006490";"Osaühing RIKAS-VO";"11292230";"27.04.2007";"Jah";"Toitlustamine";"Vabaduse tn 25, Narva-Jõesuu linn, Narva-Jõesuu linn, Ida-Viru maakond"
"";"";"";"";"";"";"Suur-Lootsi tn, Narva-Jõesuu linn, Narva-Jõesuu linn, Ida-Viru maakond, 29023"
"";"";"";"";"";"";"Kiriku tn 1a, Narva-Jõesuu linn, Narva-Jõesuu linn, Ida-Viru maakond"
"";"";"";"";"";"";"Pähklimäe tn 4a, Narva linn, Ida-Viru maakond, 20603"
"KTO006239";"SIMEAG PROJEKTID OSAÜHING";"11185451";"11.01.2007";"Jah";"Toitlustamine";"Hommiku tn 17, Pärnu linn, Pärnu linn, Pärnu maakond"
"KTO005040";"Aktsiaselts Tallinna Lennujaam";"10349560";"25.04.2006";"Jah";"Toitlustamine";"Roomassaare tee 1, Kuressaare linn, Saaremaa vald, Saare maakond"
"KTO003202";"Osaühing Adiantro";"10095792";"25.04.2005";"Jah";"Toitlustamine";"Nõmme tee 20, Kristiine linnaosa, Tallinn, Harju maakond, 13465"
"";"";"";"";"";"";"Endla tn 16, Kesklinna linnaosa, Tallinn, Harju maakond, 10142"
"";"";"";"";"";"";"Juhkentali tn 58, Kesklinna linnaosa, Tallinn, Harju maakond, 15007"
"KTO003131";"Aktsiaselts Varbla Puhkeküla";"10358671";"22.04.2005";"Jah";"Toitlustamine";"Ranna Motell, Rannaküla, Lääneranna vald, Pärnu maakond"
"KTO002660";"Ugandi Toitlustus OÜ";"10244714";"12.04.2005";"Jah";"Toitlustamine";"Lipuväljak 26, Otepää linn, Otepää vald, Valga maakond"
"KTO002499";"osaühing Mipron Kaubanduse";"10175962";"06.04.2005";"Jah";"Toitlustamine";"Pargi tn 7, Klooga alevik, Lääne-Harju vald, Harju maakond"
"KTO002464";"AS Hotell Stroomi";"10285216";"05.04.2005";"Jah";"Toitlustamine";"Nelijärve, Nelijärve Puhkekeskus/4, Aegviidu alev, Anija vald, Harju maakond"
"KTO002472";"AS Hotell Stroomi";"10285216";"05.04.2005";"Jah";"Toitlustamine";"Nelijärve , Hostel/4, Aegviidu alev, Anija vald, Harju maakond"
"KTO002205";"Osaühing Cavaterra";"10025455";"18.03.2005";"Jah";"Toitlustamine";"Sütiste tee 30, Mustamäe linnaosa, Tallinn, Harju maakond, 13411"
"";"";"";"";"";"";"Kaarli pst 2, Kesklinna linnaosa, Tallinn, Harju maakond, 10142"
"KTO002204";"osaühing Lorrein";"10109092";"18.03.2005";"Jah";"Toitlustamine";"Gonsiori tn 17, Kesklinna linnaosa, Tallinn, Harju maakond"
"KTO002168";"osaühing Pak L&P";"10323939";"16.03.2005";"Jah";"Toitlustamine";"Ringtee tn 25, Tartu linn, Tartu linn, Tartu maakond"
"KTO001649";"Osaühing GENEVA";"10338183";"15.12.2004";"Jah";"Toitlustamine";"Võidu prospekt 2, Narva linn, Ida-Viru maakond"
"KTO001200";"Hotell Tähetorni OÜ";"10098951";"02.09.2004";"Jah";"Toitlustamine";"Tähetorni tn 16, Nõmme linnaosa, Tallinn, Harju maakond, 11625"
"KTO000342";"OÜ Hunt Kriimsilm";"10924484";"01.06.2004";"Jah";"Toitlustamine";"Pikk tn 39, Kesklinna linnaosa, Tallinn, Harju maakond"
